"shark_ID","year","month","month_start","month_end","month_status","n_tracking_days","month_length","available_days","residency","size","maturity","sex"
144,2014,2,2014-02-01,2014-02-28,"tagging_month",20,28,22,0.909090909090909,158,"subadult","m"
144,2014,3,2014-03-01,2014-03-31,"full_month",30,31,31,0.967741935483871,158,"subadult","m"
144,2014,4,2014-04-01,2014-04-30,"full_month",30,30,30,1,158,"subadult","m"
144,2014,5,2014-05-01,2014-05-31,"full_month",31,31,31,1,158,"subadult","m"
144,2014,6,2014-06-01,2014-06-30,"full_month",30,30,30,1,158,"subadult","m"
144,2014,7,2014-07-01,2014-07-31,"full_month",20,31,31,0.645161290322581,158,"subadult","m"
144,2014,8,2014-08-01,2014-08-31,"full_month",10,31,31,0.32258064516129,158,"subadult","m"
144,2014,9,2014-09-01,2014-09-30,"full_month",21,30,30,0.7,158,"subadult","m"
144,2014,10,2014-10-01,2014-10-31,"full_month",20,31,31,0.645161290322581,158,"subadult","m"
144,2014,11,2014-11-01,2014-11-30,"full_month",29,30,30,0.966666666666667,158,"subadult","m"
144,2014,12,2014-12-01,2014-12-31,"full_month",30,31,31,0.967741935483871,158,"subadult","m"
144,2015,1,2015-01-01,2015-01-31,"full_month",28,31,31,0.903225806451613,166.845556825635,"adult","m"
144,2015,2,2015-02-01,2015-02-28,"full_month",25,28,28,0.892857142857143,166.845556825635,"adult","m"
144,2015,3,2015-03-01,2015-03-31,"full_month",19,31,31,0.612903225806452,166.845556825635,"adult","m"
144,2015,4,2015-04-01,2015-04-30,"full_month",7,30,30,0.233333333333333,166.845556825635,"adult","m"
144,2015,5,2015-05-01,2015-05-31,"full_month",11,31,31,0.354838709677419,166.845556825635,"adult","m"
144,2015,6,2015-06-01,2015-06-30,"full_month",12,30,30,0.4,166.845556825635,"adult","m"
144,2015,7,2015-07-01,2015-07-31,"full_month",10,31,31,0.32258064516129,166.845556825635,"adult","m"
144,2015,8,2015-08-01,2015-08-31,"full_month",4,31,31,0.129032258064516,166.845556825635,"adult","m"
144,2015,9,2015-09-01,2015-09-30,"full_month",6,30,30,0.2,166.845556825635,"adult","m"
144,2015,10,2015-10-01,2015-10-31,"full_month",17,31,31,0.548387096774194,166.845556825635,"adult","m"
144,2015,11,2015-11-01,2015-11-30,"full_month",22,30,30,0.733333333333333,166.845556825635,"adult","m"
144,2015,12,2015-12-01,2015-12-31,"full_month",21,31,31,0.67741935483871,166.845556825635,"adult","m"
144,2016,1,2016-01-01,2016-01-31,"full_month",12,31,31,0.387096774193548,175.201017343374,"adult","m"
144,2016,2,2016-02-01,2016-02-29,"full_month",2,29,29,0.0689655172413793,175.201017343374,"adult","m"
144,2016,3,2016-03-01,2016-03-31,"full_month",6,31,31,0.193548387096774,175.201017343374,"adult","m"
144,2016,4,2016-04-01,2016-04-30,"full_month",0,30,30,0,175.201017343374,"adult","m"
144,2016,5,2016-05-01,2016-05-31,"full_month",1,31,31,0.032258064516129,175.201017343374,"adult","m"
144,2016,6,2016-06-01,2016-06-30,"full_month",4,30,30,0.133333333333333,175.201017343374,"adult","m"
144,2016,7,2016-07-01,2016-07-31,"full_month",0,31,31,0,175.201017343374,"adult","m"
144,2016,8,2016-08-01,2016-08-31,"full_month",0,31,31,0,175.201017343374,"adult","m"
144,2016,9,2016-09-01,2016-09-30,"full_month",0,30,30,0,175.201017343374,"adult","m"
144,2016,10,2016-10-01,2016-10-31,"full_month",0,31,31,0,175.201017343374,"adult","m"
144,2016,11,2016-11-01,2016-11-30,"full_month",17,30,30,0.566666666666667,175.201017343374,"adult","m"
144,2016,12,2016-12-01,2016-12-31,"full_month",16,31,31,0.516129032258065,175.201017343374,"adult","m"
144,2017,1,2017-01-01,2017-01-31,"full_month",3,31,31,0.0967741935483871,183.093535795256,"adult","m"
144,2017,2,2017-02-01,2017-02-28,"full_month",6,28,28,0.214285714285714,183.093535795256,"adult","m"
144,2017,3,2017-03-01,2017-03-31,"full_month",0,31,31,0,183.093535795256,"adult","m"
144,2017,4,2017-04-01,2017-04-30,"full_month",1,30,30,0.0333333333333333,183.093535795256,"adult","m"
144,2017,5,2017-05-01,2017-05-31,"full_month",1,31,31,0.032258064516129,183.093535795256,"adult","m"
144,2017,6,2017-06-01,2017-06-30,"final_detection_month",3,30,13,0.230769230769231,183.093535795256,"adult","m"
148,2014,3,2014-03-01,2014-03-31,"tagging_month",16,31,18,0.888888888888889,117,"subadult","f"
148,2014,4,2014-04-01,2014-04-30,"full_month",20,30,30,0.666666666666667,117,"subadult","f"
148,2014,5,2014-05-01,2014-05-31,"full_month",28,31,31,0.903225806451613,117,"subadult","f"
148,2014,6,2014-06-01,2014-06-30,"full_month",24,30,30,0.8,117,"subadult","f"
148,2014,7,2014-07-01,2014-07-31,"full_month",25,31,31,0.806451612903226,117,"subadult","f"
148,2014,8,2014-08-01,2014-08-31,"final_detection_month",14,31,16,0.875,117,"subadult","f"
306,2016,3,2016-03-01,2016-03-31,"tagging_month",8,31,8,1,150,"subadult","f"
306,2016,4,2016-04-01,2016-04-30,"full_month",30,30,30,1,150,"subadult","f"
306,2016,5,2016-05-01,2016-05-31,"full_month",31,31,31,1,150,"subadult","f"
306,2016,6,2016-06-01,2016-06-30,"full_month",30,30,30,1,150,"subadult","f"
306,2016,7,2016-07-01,2016-07-31,"full_month",31,31,31,1,150,"subadult","f"
306,2016,8,2016-08-01,2016-08-31,"full_month",31,31,31,1,150,"subadult","f"
306,2016,9,2016-09-01,2016-09-30,"full_month",30,30,30,1,150,"subadult","f"
306,2016,10,2016-10-01,2016-10-31,"full_month",31,31,31,1,150,"subadult","f"
306,2016,11,2016-11-01,2016-11-30,"full_month",30,30,30,1,150,"subadult","f"
306,2016,12,2016-12-01,2016-12-31,"full_month",30,31,31,0.967741935483871,150,"subadult","f"
306,2017,1,2017-01-01,2017-01-31,"full_month",31,31,31,1,159.288804270702,"subadult","f"
306,2017,2,2017-02-01,2017-02-28,"full_month",18,28,28,0.642857142857143,159.288804270702,"subadult","f"
306,2017,3,2017-03-01,2017-03-31,"full_month",4,31,31,0.129032258064516,159.288804270702,"subadult","f"
306,2017,4,2017-04-01,2017-04-30,"full_month",0,30,30,0,159.288804270702,"subadult","f"
306,2017,5,2017-05-01,2017-05-31,"full_month",0,31,31,0,159.288804270702,"subadult","f"
306,2017,6,2017-06-01,2017-06-30,"full_month",0,30,30,0,159.288804270702,"subadult","f"
306,2017,7,2017-07-01,2017-07-31,"full_month",0,31,31,0,159.288804270702,"subadult","f"
306,2017,8,2017-08-01,2017-08-31,"full_month",0,31,31,0,159.288804270702,"subadult","f"
306,2017,9,2017-09-01,2017-09-30,"full_month",0,30,30,0,159.288804270702,"subadult","f"
306,2017,10,2017-10-01,2017-10-31,"full_month",0,31,31,0,159.288804270702,"subadult","f"
306,2017,11,2017-11-01,2017-11-30,"full_month",0,30,30,0,159.288804270702,"subadult","f"
306,2017,12,2017-12-01,2017-12-31,"full_month",0,31,31,0,159.288804270702,"subadult","f"
306,2018,1,2018-01-01,2018-01-31,"full_month",0,31,31,0,168.062953696314,"adult","f"
306,2018,2,2018-02-01,2018-02-28,"full_month",0,28,28,0,168.062953696314,"adult","f"
306,2018,3,2018-03-01,2018-03-31,"full_month",0,31,31,0,168.062953696314,"adult","f"
306,2018,4,2018-04-01,2018-04-30,"full_month",0,30,30,0,168.062953696314,"adult","f"
306,2018,5,2018-05-01,2018-05-31,"full_month",0,31,31,0,168.062953696314,"adult","f"
306,2018,6,2018-06-01,2018-06-30,"full_month",0,30,30,0,168.062953696314,"adult","f"
306,2018,7,2018-07-01,2018-07-31,"full_month",0,31,31,0,168.062953696314,"adult","f"
306,2018,8,2018-08-01,2018-08-31,"full_month",0,31,31,0,168.062953696314,"adult","f"
306,2018,9,2018-09-01,2018-09-30,"full_month",0,30,30,0,168.062953696314,"adult","f"
306,2018,10,2018-10-01,2018-10-31,"full_month",0,31,31,0,168.062953696314,"adult","f"
306,2018,11,2018-11-01,2018-11-30,"full_month",0,30,30,0,168.062953696314,"adult","f"
306,2018,12,2018-12-01,2018-12-31,"full_month",0,31,31,0,168.062953696314,"adult","f"
306,2019,1,2019-01-01,2019-01-31,"full_month",0,31,31,0,176.350963207483,"adult","f"
306,2019,2,2019-02-01,2019-02-28,"full_month",0,28,28,0,176.350963207483,"adult","f"
306,2019,3,2019-03-01,2019-03-31,"full_month",0,31,31,0,176.350963207483,"adult","f"
306,2019,4,2019-04-01,2019-04-30,"full_month",0,30,30,0,176.350963207483,"adult","f"
306,2019,5,2019-05-01,2019-05-31,"full_month",0,31,31,0,176.350963207483,"adult","f"
306,2019,6,2019-06-01,2019-06-30,"full_month",0,30,30,0,176.350963207483,"adult","f"
306,2019,7,2019-07-01,2019-07-31,"full_month",0,31,31,0,176.350963207483,"adult","f"
306,2019,8,2019-08-01,2019-08-31,"full_month",0,31,31,0,176.350963207483,"adult","f"
306,2019,9,2019-09-01,2019-09-30,"full_month",0,30,30,0,176.350963207483,"adult","f"
306,2019,10,2019-10-01,2019-10-31,"full_month",7,31,31,0.225806451612903,176.350963207483,"adult","f"
306,2019,11,2019-11-01,2019-11-30,"final_detection_month",3,30,3,1,176.350963207483,"adult","f"
308,2016,3,2016-03-01,2016-03-31,"tagging_and_final_month",1,31,1,1,128,"subadult","f"
361,2016,5,2016-05-01,2016-05-31,"tagging_month",11,31,11,1,152,"subadult","f"
361,2016,6,2016-06-01,2016-06-30,"full_month",26,30,30,0.866666666666667,152,"subadult","f"
361,2016,7,2016-07-01,2016-07-31,"full_month",28,31,31,0.903225806451613,152,"subadult","f"
361,2016,8,2016-08-01,2016-08-31,"full_month",30,31,31,0.967741935483871,152,"subadult","f"
361,2016,9,2016-09-01,2016-09-30,"full_month",30,30,30,1,152,"subadult","f"
361,2016,10,2016-10-01,2016-10-31,"full_month",27,31,31,0.870967741935484,152,"subadult","f"
361,2016,11,2016-11-01,2016-11-30,"full_month",26,30,30,0.866666666666667,152,"subadult","f"
361,2016,12,2016-12-01,2016-12-31,"full_month",29,31,31,0.935483870967742,152,"subadult","f"
361,2017,1,2017-01-01,2017-01-31,"full_month",29,31,31,0.935483870967742,161.177992409435,"subadult","f"
361,2017,2,2017-02-01,2017-02-28,"full_month",28,28,28,1,161.177992409435,"subadult","f"
361,2017,3,2017-03-01,2017-03-31,"full_month",31,31,31,1,161.177992409435,"subadult","f"
361,2017,4,2017-04-01,2017-04-30,"full_month",29,30,30,0.966666666666667,161.177992409435,"subadult","f"
361,2017,5,2017-05-01,2017-05-31,"full_month",28,31,31,0.903225806451613,161.177992409435,"subadult","f"
361,2017,6,2017-06-01,2017-06-30,"full_month",24,30,30,0.8,161.177992409435,"subadult","f"
361,2017,7,2017-07-01,2017-07-31,"full_month",26,31,31,0.838709677419355,161.177992409435,"subadult","f"
361,2017,8,2017-08-01,2017-08-31,"full_month",20,31,31,0.645161290322581,161.177992409435,"subadult","f"
361,2017,9,2017-09-01,2017-09-30,"full_month",23,30,30,0.766666666666667,161.177992409435,"subadult","f"
361,2017,10,2017-10-01,2017-10-31,"full_month",28,31,31,0.903225806451613,161.177992409435,"subadult","f"
361,2017,11,2017-11-01,2017-11-30,"full_month",30,30,30,1,161.177992409435,"subadult","f"
361,2017,12,2017-12-01,2017-12-31,"full_month",30,31,31,0.967741935483871,161.177992409435,"subadult","f"
361,2018,1,2018-01-01,2018-01-31,"full_month",29,31,31,0.935483870967742,169.847469608079,"adult","f"
361,2018,2,2018-02-01,2018-02-28,"full_month",25,28,28,0.892857142857143,169.847469608079,"adult","f"
361,2018,3,2018-03-01,2018-03-31,"full_month",28,31,31,0.903225806451613,169.847469608079,"adult","f"
361,2018,4,2018-04-01,2018-04-30,"full_month",28,30,30,0.933333333333333,169.847469608079,"adult","f"
361,2018,5,2018-05-01,2018-05-31,"full_month",25,31,31,0.806451612903226,169.847469608079,"adult","f"
361,2018,6,2018-06-01,2018-06-30,"full_month",16,30,30,0.533333333333333,169.847469608079,"adult","f"
361,2018,7,2018-07-01,2018-07-31,"full_month",20,31,31,0.645161290322581,169.847469608079,"adult","f"
361,2018,8,2018-08-01,2018-08-31,"full_month",14,31,31,0.451612903225806,169.847469608079,"adult","f"
361,2018,9,2018-09-01,2018-09-30,"full_month",13,30,30,0.433333333333333,169.847469608079,"adult","f"
361,2018,10,2018-10-01,2018-10-31,"full_month",16,31,31,0.516129032258065,169.847469608079,"adult","f"
361,2018,11,2018-11-01,2018-11-30,"full_month",20,30,30,0.666666666666667,169.847469608079,"adult","f"
361,2018,12,2018-12-01,2018-12-31,"full_month",27,31,31,0.870967741935484,169.847469608079,"adult","f"
361,2019,1,2019-01-01,2019-01-31,"full_month",26,31,31,0.838709677419355,178.036606354426,"adult","f"
361,2019,2,2019-02-01,2019-02-28,"full_month",13,28,28,0.464285714285714,178.036606354426,"adult","f"
361,2019,3,2019-03-01,2019-03-31,"full_month",18,31,31,0.580645161290323,178.036606354426,"adult","f"
361,2019,4,2019-04-01,2019-04-30,"full_month",10,30,30,0.333333333333333,178.036606354426,"adult","f"
361,2019,5,2019-05-01,2019-05-31,"full_month",0,31,31,0,178.036606354426,"adult","f"
361,2019,6,2019-06-01,2019-06-30,"full_month",19,30,30,0.633333333333333,178.036606354426,"adult","f"
361,2019,7,2019-07-01,2019-07-31,"full_month",16,31,31,0.516129032258065,178.036606354426,"adult","f"
361,2019,8,2019-08-01,2019-08-31,"full_month",20,31,31,0.645161290322581,178.036606354426,"adult","f"
361,2019,9,2019-09-01,2019-09-30,"full_month",11,30,30,0.366666666666667,178.036606354426,"adult","f"
361,2019,10,2019-10-01,2019-10-31,"full_month",22,31,31,0.709677419354839,178.036606354426,"adult","f"
361,2019,11,2019-11-01,2019-11-30,"full_month",28,30,30,0.933333333333333,178.036606354426,"adult","f"
361,2019,12,2019-12-01,2019-12-31,"full_month",27,31,31,0.870967741935484,178.036606354426,"adult","f"
361,2020,1,2020-01-01,2020-01-31,"full_month",28,31,31,0.903225806451613,185.772016358257,"adult","f"
361,2020,2,2020-02-01,2020-02-29,"full_month",15,29,29,0.517241379310345,185.772016358257,"adult","f"
361,2020,3,2020-03-01,2020-03-31,"full_month",8,31,31,0.258064516129032,185.772016358257,"adult","f"
361,2020,4,2020-04-01,2020-04-30,"full_month",3,30,30,0.1,185.772016358257,"adult","f"
361,2020,5,2020-05-01,2020-05-31,"full_month",1,31,31,0.032258064516129,185.772016358257,"adult","f"
361,2020,6,2020-06-01,2020-06-30,"full_month",3,30,30,0.1,185.772016358257,"adult","f"
361,2020,7,2020-07-01,2020-07-31,"final_detection_month",2,31,20,0.1,185.772016358257,"adult","f"
362,2016,5,2016-05-01,2016-05-31,"tagging_month",16,31,16,1,149,"subadult","f"
362,2016,6,2016-06-01,2016-06-30,"full_month",30,30,30,1,149,"subadult","f"
362,2016,7,2016-07-01,2016-07-31,"full_month",31,31,31,1,149,"subadult","f"
362,2016,8,2016-08-01,2016-08-31,"full_month",31,31,31,1,149,"subadult","f"
362,2016,9,2016-09-01,2016-09-30,"full_month",30,30,30,1,149,"subadult","f"
362,2016,10,2016-10-01,2016-10-31,"full_month",31,31,31,1,149,"subadult","f"
362,2016,11,2016-11-01,2016-11-30,"full_month",30,30,30,1,149,"subadult","f"
362,2016,12,2016-12-01,2016-12-31,"full_month",31,31,31,1,149,"subadult","f"
362,2017,1,2017-01-01,2017-01-31,"full_month",31,31,31,1,158.344210201336,"subadult","f"
362,2017,2,2017-02-01,2017-02-28,"full_month",28,28,28,1,158.344210201336,"subadult","f"
362,2017,3,2017-03-01,2017-03-31,"full_month",31,31,31,1,158.344210201336,"subadult","f"
362,2017,4,2017-04-01,2017-04-30,"full_month",30,30,30,1,158.344210201336,"subadult","f"
362,2017,5,2017-05-01,2017-05-31,"full_month",31,31,31,1,158.344210201336,"subadult","f"
362,2017,6,2017-06-01,2017-06-30,"full_month",30,30,30,1,158.344210201336,"subadult","f"
362,2017,7,2017-07-01,2017-07-31,"full_month",31,31,31,1,158.344210201336,"subadult","f"
362,2017,8,2017-08-01,2017-08-31,"full_month",31,31,31,1,158.344210201336,"subadult","f"
362,2017,9,2017-09-01,2017-09-30,"full_month",30,30,30,1,158.344210201336,"subadult","f"
362,2017,10,2017-10-01,2017-10-31,"full_month",30,31,31,0.967741935483871,158.344210201336,"subadult","f"
362,2017,11,2017-11-01,2017-11-30,"full_month",30,30,30,1,158.344210201336,"subadult","f"
362,2017,12,2017-12-01,2017-12-31,"full_month",31,31,31,1,158.344210201336,"subadult","f"
362,2018,1,2018-01-01,2018-01-31,"full_month",31,31,31,1,167.170695740432,"adult","f"
362,2018,2,2018-02-01,2018-02-28,"full_month",23,28,28,0.821428571428571,167.170695740432,"adult","f"
362,2018,3,2018-03-01,2018-03-31,"full_month",0,31,31,0,167.170695740432,"adult","f"
362,2018,4,2018-04-01,2018-04-30,"full_month",0,30,30,0,167.170695740432,"adult","f"
362,2018,5,2018-05-01,2018-05-31,"full_month",7,31,31,0.225806451612903,167.170695740432,"adult","f"
362,2018,6,2018-06-01,2018-06-30,"full_month",3,30,30,0.1,167.170695740432,"adult","f"
362,2018,7,2018-07-01,2018-07-31,"full_month",1,31,31,0.032258064516129,167.170695740432,"adult","f"
362,2018,8,2018-08-01,2018-08-31,"full_month",1,31,31,0.032258064516129,167.170695740432,"adult","f"
362,2018,9,2018-09-01,2018-09-30,"full_month",0,30,30,0,167.170695740432,"adult","f"
362,2018,10,2018-10-01,2018-10-31,"full_month",0,31,31,0,167.170695740432,"adult","f"
362,2018,11,2018-11-01,2018-11-30,"full_month",0,30,30,0,167.170695740432,"adult","f"
362,2018,12,2018-12-01,2018-12-31,"full_month",0,31,31,0,167.170695740432,"adult","f"
362,2019,1,2019-01-01,2019-01-31,"full_month",0,31,31,0,175.508141634011,"adult","f"
362,2019,2,2019-02-01,2019-02-28,"full_month",0,28,28,0,175.508141634011,"adult","f"
362,2019,3,2019-03-01,2019-03-31,"full_month",0,31,31,0,175.508141634011,"adult","f"
362,2019,4,2019-04-01,2019-04-30,"full_month",0,30,30,0,175.508141634011,"adult","f"
362,2019,5,2019-05-01,2019-05-31,"full_month",1,31,31,0.032258064516129,175.508141634011,"adult","f"
362,2019,6,2019-06-01,2019-06-30,"full_month",1,30,30,0.0333333333333333,175.508141634011,"adult","f"
362,2019,7,2019-07-01,2019-07-31,"full_month",0,31,31,0,175.508141634011,"adult","f"
362,2019,8,2019-08-01,2019-08-31,"full_month",1,31,31,0.032258064516129,175.508141634011,"adult","f"
362,2019,9,2019-09-01,2019-09-30,"full_month",3,30,30,0.1,175.508141634011,"adult","f"
362,2019,10,2019-10-01,2019-10-31,"full_month",1,31,31,0.032258064516129,175.508141634011,"adult","f"
362,2019,11,2019-11-01,2019-11-30,"full_month",25,30,30,0.833333333333333,175.508141634011,"adult","f"
362,2019,12,2019-12-01,2019-12-31,"full_month",10,31,31,0.32258064516129,175.508141634011,"adult","f"
362,2020,1,2020-01-01,2020-01-31,"full_month",0,31,31,0,183.383643578751,"adult","f"
362,2020,2,2020-02-01,2020-02-29,"full_month",0,29,29,0,183.383643578751,"adult","f"
362,2020,3,2020-03-01,2020-03-31,"full_month",0,31,31,0,183.383643578751,"adult","f"
362,2020,4,2020-04-01,2020-04-30,"full_month",1,30,30,0.0333333333333333,183.383643578751,"adult","f"
362,2020,5,2020-05-01,2020-05-31,"full_month",0,31,31,0,183.383643578751,"adult","f"
362,2020,6,2020-06-01,2020-06-30,"full_month",1,30,30,0.0333333333333333,183.383643578751,"adult","f"
362,2020,7,2020-07-01,2020-07-31,"full_month",0,31,31,0,183.383643578751,"adult","f"
362,2020,8,2020-08-01,2020-08-31,"final_detection_month",3,31,23,0.130434782608696,183.383643578751,"adult","f"
363,2016,5,2016-05-01,2016-05-31,"tagging_month",16,31,16,1,152,"subadult","f"
363,2016,6,2016-06-01,2016-06-30,"full_month",29,30,30,0.966666666666667,152,"subadult","f"
363,2016,7,2016-07-01,2016-07-31,"full_month",31,31,31,1,152,"subadult","f"
363,2016,8,2016-08-01,2016-08-31,"full_month",31,31,31,1,152,"subadult","f"
363,2016,9,2016-09-01,2016-09-30,"full_month",24,30,30,0.8,152,"subadult","f"
363,2016,10,2016-10-01,2016-10-31,"full_month",18,31,31,0.580645161290323,152,"subadult","f"
363,2016,11,2016-11-01,2016-11-30,"full_month",29,30,30,0.966666666666667,152,"subadult","f"
363,2016,12,2016-12-01,2016-12-31,"full_month",30,31,31,0.967741935483871,152,"subadult","f"
363,2017,1,2017-01-01,2017-01-31,"full_month",30,31,31,0.967741935483871,161.177992409435,"subadult","f"
363,2017,2,2017-02-01,2017-02-28,"full_month",26,28,28,0.928571428571429,161.177992409435,"subadult","f"
363,2017,3,2017-03-01,2017-03-31,"full_month",27,31,31,0.870967741935484,161.177992409435,"subadult","f"
363,2017,4,2017-04-01,2017-04-30,"full_month",21,30,30,0.7,161.177992409435,"subadult","f"
363,2017,5,2017-05-01,2017-05-31,"full_month",23,31,31,0.741935483870968,161.177992409435,"subadult","f"
363,2017,6,2017-06-01,2017-06-30,"full_month",27,30,30,0.9,161.177992409435,"subadult","f"
363,2017,7,2017-07-01,2017-07-31,"full_month",21,31,31,0.67741935483871,161.177992409435,"subadult","f"
363,2017,8,2017-08-01,2017-08-31,"full_month",24,31,31,0.774193548387097,161.177992409435,"subadult","f"
363,2017,9,2017-09-01,2017-09-30,"full_month",26,30,30,0.866666666666667,161.177992409435,"subadult","f"
363,2017,10,2017-10-01,2017-10-31,"full_month",21,31,31,0.67741935483871,161.177992409435,"subadult","f"
363,2017,11,2017-11-01,2017-11-30,"full_month",23,30,30,0.766666666666667,161.177992409435,"subadult","f"
363,2017,12,2017-12-01,2017-12-31,"full_month",22,31,31,0.709677419354839,161.177992409435,"subadult","f"
363,2018,1,2018-01-01,2018-01-31,"full_month",26,31,31,0.838709677419355,169.847469608079,"adult","f"
363,2018,2,2018-02-01,2018-02-28,"full_month",24,28,28,0.857142857142857,169.847469608079,"adult","f"
363,2018,3,2018-03-01,2018-03-31,"full_month",17,31,31,0.548387096774194,169.847469608079,"adult","f"
363,2018,4,2018-04-01,2018-04-30,"full_month",6,30,30,0.2,169.847469608079,"adult","f"
363,2018,5,2018-05-01,2018-05-31,"full_month",14,31,31,0.451612903225806,169.847469608079,"adult","f"
363,2018,6,2018-06-01,2018-06-30,"full_month",13,30,30,0.433333333333333,169.847469608079,"adult","f"
363,2018,7,2018-07-01,2018-07-31,"full_month",18,31,31,0.580645161290323,169.847469608079,"adult","f"
363,2018,8,2018-08-01,2018-08-31,"full_month",20,31,31,0.645161290322581,169.847469608079,"adult","f"
363,2018,9,2018-09-01,2018-09-30,"full_month",11,30,30,0.366666666666667,169.847469608079,"adult","f"
363,2018,10,2018-10-01,2018-10-31,"full_month",19,31,31,0.612903225806452,169.847469608079,"adult","f"
363,2018,11,2018-11-01,2018-11-30,"full_month",25,30,30,0.833333333333333,169.847469608079,"adult","f"
363,2018,12,2018-12-01,2018-12-31,"full_month",11,31,31,0.354838709677419,169.847469608079,"adult","f"
363,2019,1,2019-01-01,2019-01-31,"full_month",2,31,31,0.0645161290322581,178.036606354426,"adult","f"
363,2019,2,2019-02-01,2019-02-28,"full_month",2,28,28,0.0714285714285714,178.036606354426,"adult","f"
363,2019,3,2019-03-01,2019-03-31,"full_month",1,31,31,0.032258064516129,178.036606354426,"adult","f"
363,2019,4,2019-04-01,2019-04-30,"full_month",0,30,30,0,178.036606354426,"adult","f"
363,2019,5,2019-05-01,2019-05-31,"full_month",1,31,31,0.032258064516129,178.036606354426,"adult","f"
363,2019,6,2019-06-01,2019-06-30,"full_month",7,30,30,0.233333333333333,178.036606354426,"adult","f"
363,2019,7,2019-07-01,2019-07-31,"full_month",1,31,31,0.032258064516129,178.036606354426,"adult","f"
363,2019,8,2019-08-01,2019-08-31,"full_month",1,31,31,0.032258064516129,178.036606354426,"adult","f"
363,2019,9,2019-09-01,2019-09-30,"full_month",11,30,30,0.366666666666667,178.036606354426,"adult","f"
363,2019,10,2019-10-01,2019-10-31,"full_month",2,31,31,0.0645161290322581,178.036606354426,"adult","f"
363,2019,11,2019-11-01,2019-11-30,"full_month",18,30,30,0.6,178.036606354426,"adult","f"
363,2019,12,2019-12-01,2019-12-31,"full_month",5,31,31,0.161290322580645,178.036606354426,"adult","f"
363,2020,1,2020-01-01,2020-01-31,"full_month",0,31,31,0,185.772016358257,"adult","f"
363,2020,2,2020-02-01,2020-02-29,"full_month",1,29,29,0.0344827586206897,185.772016358257,"adult","f"
363,2020,3,2020-03-01,2020-03-31,"full_month",1,31,31,0.032258064516129,185.772016358257,"adult","f"
363,2020,4,2020-04-01,2020-04-30,"full_month",0,30,30,0,185.772016358257,"adult","f"
363,2020,5,2020-05-01,2020-05-31,"full_month",0,31,31,0,185.772016358257,"adult","f"
363,2020,6,2020-06-01,2020-06-30,"full_month",0,30,30,0,185.772016358257,"adult","f"
363,2020,7,2020-07-01,2020-07-31,"full_month",0,31,31,0,185.772016358257,"adult","f"
363,2020,8,2020-08-01,2020-08-31,"full_month",2,31,31,0.0645161290322581,185.772016358257,"adult","f"
363,2020,9,2020-09-01,2020-09-30,"full_month",3,30,30,0.1,185.772016358257,"adult","f"
363,2020,10,2020-10-01,2020-10-31,"full_month",7,31,31,0.225806451612903,185.772016358257,"adult","f"
363,2020,11,2020-11-01,2020-11-30,"full_month",0,30,30,0,185.772016358257,"adult","f"
363,2020,12,2020-12-01,2020-12-31,"full_month",0,31,31,0,185.772016358257,"adult","f"
363,2021,1,2021-01-01,2021-01-31,"full_month",0,31,31,0,193.078838771994,"adult","f"
363,2021,2,2021-02-01,2021-02-28,"full_month",0,28,28,0,193.078838771994,"adult","f"
363,2021,3,2021-03-01,2021-03-31,"full_month",0,31,31,0,193.078838771994,"adult","f"
363,2021,4,2021-04-01,2021-04-30,"full_month",0,30,30,0,193.078838771994,"adult","f"
363,2021,5,2021-05-01,2021-05-31,"full_month",0,31,31,0,193.078838771994,"adult","f"
363,2021,6,2021-06-01,2021-06-30,"full_month",4,30,30,0.133333333333333,193.078838771994,"adult","f"
363,2021,7,2021-07-01,2021-07-31,"full_month",4,31,31,0.129032258064516,193.078838771994,"adult","f"
363,2021,8,2021-08-01,2021-08-31,"full_month",1,31,31,0.032258064516129,193.078838771994,"adult","f"
363,2021,9,2021-09-01,2021-09-30,"full_month",0,30,30,0,193.078838771994,"adult","f"
363,2021,10,2021-10-01,2021-10-31,"full_month",3,31,31,0.0967741935483871,193.078838771994,"adult","f"
363,2021,11,2021-11-01,2021-11-30,"full_month",15,30,30,0.5,193.078838771994,"adult","f"
363,2021,12,2021-12-01,2021-12-31,"final_detection_month",7,31,24,0.291666666666667,193.078838771994,"adult","f"
364,2016,5,2016-05-01,2016-05-31,"tagging_month",15,31,15,1,148,"subadult","f"
364,2016,6,2016-06-01,2016-06-30,"full_month",30,30,30,1,148,"subadult","f"
364,2016,7,2016-07-01,2016-07-31,"full_month",31,31,31,1,148,"subadult","f"
364,2016,8,2016-08-01,2016-08-31,"full_month",31,31,31,1,148,"subadult","f"
364,2016,9,2016-09-01,2016-09-30,"full_month",30,30,30,1,148,"subadult","f"
364,2016,10,2016-10-01,2016-10-31,"full_month",31,31,31,1,148,"subadult","f"
364,2016,11,2016-11-01,2016-11-30,"full_month",30,30,30,1,148,"subadult","f"
364,2016,12,2016-12-01,2016-12-31,"full_month",31,31,31,1,148,"subadult","f"
364,2017,1,2017-01-01,2017-01-31,"full_month",31,31,31,1,157.399616131969,"subadult","f"
364,2017,2,2017-02-01,2017-02-28,"full_month",28,28,28,1,157.399616131969,"subadult","f"
364,2017,3,2017-03-01,2017-03-31,"full_month",31,31,31,1,157.399616131969,"subadult","f"
364,2017,4,2017-04-01,2017-04-30,"full_month",30,30,30,1,157.399616131969,"subadult","f"
364,2017,5,2017-05-01,2017-05-31,"full_month",31,31,31,1,157.399616131969,"subadult","f"
364,2017,6,2017-06-01,2017-06-30,"full_month",30,30,30,1,157.399616131969,"subadult","f"
364,2017,7,2017-07-01,2017-07-31,"full_month",30,31,31,0.967741935483871,157.399616131969,"subadult","f"
364,2017,8,2017-08-01,2017-08-31,"full_month",31,31,31,1,157.399616131969,"subadult","f"
364,2017,9,2017-09-01,2017-09-30,"full_month",30,30,30,1,157.399616131969,"subadult","f"
364,2017,10,2017-10-01,2017-10-31,"full_month",31,31,31,1,157.399616131969,"subadult","f"
364,2017,11,2017-11-01,2017-11-30,"full_month",30,30,30,1,157.399616131969,"subadult","f"
364,2017,12,2017-12-01,2017-12-31,"full_month",31,31,31,1,157.399616131969,"subadult","f"
364,2018,1,2018-01-01,2018-01-31,"full_month",31,31,31,1,166.278437784549,"adult","f"
364,2018,2,2018-02-01,2018-02-28,"full_month",28,28,28,1,166.278437784549,"adult","f"
364,2018,3,2018-03-01,2018-03-31,"full_month",31,31,31,1,166.278437784549,"adult","f"
364,2018,4,2018-04-01,2018-04-30,"full_month",30,30,30,1,166.278437784549,"adult","f"
364,2018,5,2018-05-01,2018-05-31,"full_month",31,31,31,1,166.278437784549,"adult","f"
364,2018,6,2018-06-01,2018-06-30,"full_month",28,30,30,0.933333333333333,166.278437784549,"adult","f"
364,2018,7,2018-07-01,2018-07-31,"full_month",31,31,31,1,166.278437784549,"adult","f"
364,2018,8,2018-08-01,2018-08-31,"full_month",30,31,31,0.967741935483871,166.278437784549,"adult","f"
364,2018,9,2018-09-01,2018-09-30,"full_month",30,30,30,1,166.278437784549,"adult","f"
364,2018,10,2018-10-01,2018-10-31,"full_month",31,31,31,1,166.278437784549,"adult","f"
364,2018,11,2018-11-01,2018-11-30,"full_month",28,30,30,0.933333333333333,166.278437784549,"adult","f"
364,2018,12,2018-12-01,2018-12-31,"full_month",29,31,31,0.935483870967742,166.278437784549,"adult","f"
364,2019,1,2019-01-01,2019-01-31,"full_month",30,31,31,0.967741935483871,174.66532006054,"adult","f"
364,2019,2,2019-02-01,2019-02-28,"full_month",20,28,28,0.714285714285714,174.66532006054,"adult","f"
364,2019,3,2019-03-01,2019-03-31,"full_month",0,31,31,0,174.66532006054,"adult","f"
364,2019,4,2019-04-01,2019-04-30,"full_month",0,30,30,0,174.66532006054,"adult","f"
364,2019,5,2019-05-01,2019-05-31,"full_month",0,31,31,0,174.66532006054,"adult","f"
364,2019,6,2019-06-01,2019-06-30,"full_month",0,30,30,0,174.66532006054,"adult","f"
364,2019,7,2019-07-01,2019-07-31,"full_month",0,31,31,0,174.66532006054,"adult","f"
364,2019,8,2019-08-01,2019-08-31,"full_month",0,31,31,0,174.66532006054,"adult","f"
364,2019,9,2019-09-01,2019-09-30,"full_month",18,30,30,0.6,174.66532006054,"adult","f"
364,2019,10,2019-10-01,2019-10-31,"full_month",31,31,31,1,174.66532006054,"adult","f"
364,2019,11,2019-11-01,2019-11-30,"full_month",30,30,30,1,174.66532006054,"adult","f"
364,2019,12,2019-12-01,2019-12-31,"full_month",22,31,31,0.709677419354839,174.66532006054,"adult","f"
364,2020,1,2020-01-01,2020-01-31,"full_month",0,31,31,0,182.587519318915,"adult","f"
364,2020,2,2020-02-01,2020-02-29,"full_month",0,29,29,0,182.587519318915,"adult","f"
364,2020,3,2020-03-01,2020-03-31,"full_month",0,31,31,0,182.587519318915,"adult","f"
364,2020,4,2020-04-01,2020-04-30,"full_month",0,30,30,0,182.587519318915,"adult","f"
364,2020,5,2020-05-01,2020-05-31,"full_month",0,31,31,0,182.587519318915,"adult","f"
364,2020,6,2020-06-01,2020-06-30,"full_month",20,30,30,0.666666666666667,182.587519318915,"adult","f"
364,2020,7,2020-07-01,2020-07-31,"full_month",30,31,31,0.967741935483871,182.587519318915,"adult","f"
364,2020,8,2020-08-01,2020-08-31,"full_month",31,31,31,1,182.587519318915,"adult","f"
364,2020,9,2020-09-01,2020-09-30,"full_month",29,30,30,0.966666666666667,182.587519318915,"adult","f"
364,2020,10,2020-10-01,2020-10-31,"full_month",31,31,31,1,182.587519318915,"adult","f"
364,2020,11,2020-11-01,2020-11-30,"full_month",30,30,30,1,182.587519318915,"adult","f"
364,2020,12,2020-12-01,2020-12-31,"full_month",31,31,31,1,182.587519318915,"adult","f"
364,2021,1,2021-01-01,2021-01-31,"full_month",31,31,31,1,190.070781754717,"adult","f"
364,2021,2,2021-02-01,2021-02-28,"full_month",28,28,28,1,190.070781754717,"adult","f"
364,2021,3,2021-03-01,2021-03-31,"full_month",20,31,31,0.645161290322581,190.070781754717,"adult","f"
364,2021,4,2021-04-01,2021-04-30,"full_month",14,30,30,0.466666666666667,190.070781754717,"adult","f"
364,2021,5,2021-05-01,2021-05-31,"full_month",14,31,31,0.451612903225806,190.070781754717,"adult","f"
364,2021,6,2021-06-01,2021-06-30,"full_month",26,30,30,0.866666666666667,190.070781754717,"adult","f"
364,2021,7,2021-07-01,2021-07-31,"full_month",25,31,31,0.806451612903226,190.070781754717,"adult","f"
364,2021,8,2021-08-01,2021-08-31,"full_month",31,31,31,1,190.070781754717,"adult","f"
364,2021,9,2021-09-01,2021-09-30,"full_month",18,30,30,0.6,190.070781754717,"adult","f"
364,2021,10,2021-10-01,2021-10-31,"full_month",17,31,31,0.548387096774194,190.070781754717,"adult","f"
364,2021,11,2021-11-01,2021-11-30,"full_month",30,30,30,1,190.070781754717,"adult","f"
364,2021,12,2021-12-01,2021-12-31,"final_detection_month",31,31,31,1,190.070781754717,"adult","f"
365,2016,5,2016-05-01,2016-05-31,"tagging_month",14,31,14,1,172,"adult","f"
365,2016,6,2016-06-01,2016-06-30,"full_month",26,30,30,0.866666666666667,172,"adult","f"
365,2016,7,2016-07-01,2016-07-31,"full_month",29,31,31,0.935483870967742,172,"adult","f"
365,2016,8,2016-08-01,2016-08-31,"full_month",28,31,31,0.903225806451613,172,"adult","f"
365,2016,9,2016-09-01,2016-09-30,"full_month",27,30,30,0.9,172,"adult","f"
365,2016,10,2016-10-01,2016-10-31,"full_month",28,31,31,0.903225806451613,172,"adult","f"
365,2016,11,2016-11-01,2016-11-30,"full_month",28,30,30,0.933333333333333,172,"adult","f"
365,2016,12,2016-12-01,2016-12-31,"full_month",26,31,31,0.838709677419355,172,"adult","f"
365,2017,1,2017-01-01,2017-01-31,"full_month",29,31,31,0.935483870967742,180.069873796766,"adult","f"
365,2017,2,2017-02-01,2017-02-28,"full_month",25,28,28,0.892857142857143,180.069873796766,"adult","f"
365,2017,3,2017-03-01,2017-03-31,"full_month",30,31,31,0.967741935483871,180.069873796766,"adult","f"
365,2017,4,2017-04-01,2017-04-30,"full_month",29,30,30,0.966666666666667,180.069873796766,"adult","f"
365,2017,5,2017-05-01,2017-05-31,"full_month",29,31,31,0.935483870967742,180.069873796766,"adult","f"
365,2017,6,2017-06-01,2017-06-30,"full_month",27,30,30,0.9,180.069873796766,"adult","f"
365,2017,7,2017-07-01,2017-07-31,"full_month",23,31,31,0.741935483870968,180.069873796766,"adult","f"
365,2017,8,2017-08-01,2017-08-31,"full_month",29,31,31,0.935483870967742,180.069873796766,"adult","f"
365,2017,9,2017-09-01,2017-09-30,"full_month",27,30,30,0.9,180.069873796766,"adult","f"
365,2017,10,2017-10-01,2017-10-31,"full_month",26,31,31,0.838709677419355,180.069873796766,"adult","f"
365,2017,11,2017-11-01,2017-11-30,"full_month",25,30,30,0.833333333333333,180.069873796766,"adult","f"
365,2017,12,2017-12-01,2017-12-31,"full_month",27,31,31,0.870967741935484,180.069873796766,"adult","f"
365,2018,1,2018-01-01,2018-01-31,"full_month",26,31,31,0.838709677419355,187.692628725727,"adult","f"
365,2018,2,2018-02-01,2018-02-28,"full_month",27,28,28,0.964285714285714,187.692628725727,"adult","f"
365,2018,3,2018-03-01,2018-03-31,"full_month",31,31,31,1,187.692628725727,"adult","f"
365,2018,4,2018-04-01,2018-04-30,"full_month",28,30,30,0.933333333333333,187.692628725727,"adult","f"
365,2018,5,2018-05-01,2018-05-31,"full_month",24,31,31,0.774193548387097,187.692628725727,"adult","f"
365,2018,6,2018-06-01,2018-06-30,"full_month",24,30,30,0.8,187.692628725727,"adult","f"
365,2018,7,2018-07-01,2018-07-31,"full_month",18,31,31,0.580645161290323,187.692628725727,"adult","f"
365,2018,8,2018-08-01,2018-08-31,"full_month",13,31,31,0.419354838709677,187.692628725727,"adult","f"
365,2018,9,2018-09-01,2018-09-30,"full_month",15,30,30,0.5,187.692628725727,"adult","f"
365,2018,10,2018-10-01,2018-10-31,"full_month",18,31,31,0.580645161290323,187.692628725727,"adult","f"
365,2018,11,2018-11-01,2018-11-30,"full_month",27,30,30,0.9,187.692628725727,"adult","f"
365,2018,12,2018-12-01,2018-12-31,"full_month",22,31,31,0.709677419354839,187.692628725727,"adult","f"
365,2019,1,2019-01-01,2019-01-31,"full_month",9,31,31,0.290322580645161,194.893037823859,"adult","f"
365,2019,2,2019-02-01,2019-02-28,"full_month",4,28,28,0.142857142857143,194.893037823859,"adult","f"
365,2019,3,2019-03-01,2019-03-31,"full_month",1,31,31,0.032258064516129,194.893037823859,"adult","f"
365,2019,4,2019-04-01,2019-04-30,"full_month",0,30,30,0,194.893037823859,"adult","f"
365,2019,5,2019-05-01,2019-05-31,"full_month",3,31,31,0.0967741935483871,194.893037823859,"adult","f"
365,2019,6,2019-06-01,2019-06-30,"full_month",12,30,30,0.4,194.893037823859,"adult","f"
365,2019,7,2019-07-01,2019-07-31,"full_month",10,31,31,0.32258064516129,194.893037823859,"adult","f"
365,2019,8,2019-08-01,2019-08-31,"full_month",15,31,31,0.483870967741935,194.893037823859,"adult","f"
365,2019,9,2019-09-01,2019-09-30,"full_month",17,30,30,0.566666666666667,194.893037823859,"adult","f"
365,2019,10,2019-10-01,2019-10-31,"full_month",24,31,31,0.774193548387097,194.893037823859,"adult","f"
365,2019,11,2019-11-01,2019-11-30,"full_month",22,30,30,0.733333333333333,194.893037823859,"adult","f"
365,2019,12,2019-12-01,2019-12-31,"full_month",28,31,31,0.903225806451613,194.893037823859,"adult","f"
365,2020,1,2020-01-01,2020-01-31,"full_month",24,31,31,0.774193548387097,201.694501554966,"adult","f"
365,2020,2,2020-02-01,2020-02-29,"full_month",13,29,29,0.448275862068966,201.694501554966,"adult","f"
365,2020,3,2020-03-01,2020-03-31,"full_month",11,31,31,0.354838709677419,201.694501554966,"adult","f"
365,2020,4,2020-04-01,2020-04-30,"full_month",14,30,30,0.466666666666667,201.694501554966,"adult","f"
365,2020,5,2020-05-01,2020-05-31,"full_month",7,31,31,0.225806451612903,201.694501554966,"adult","f"
365,2020,6,2020-06-01,2020-06-30,"full_month",10,30,30,0.333333333333333,201.694501554966,"adult","f"
365,2020,7,2020-07-01,2020-07-31,"full_month",3,31,31,0.0967741935483871,201.694501554966,"adult","f"
365,2020,8,2020-08-01,2020-08-31,"full_month",6,31,31,0.193548387096774,201.694501554966,"adult","f"
365,2020,9,2020-09-01,2020-09-30,"full_month",5,30,30,0.166666666666667,201.694501554966,"adult","f"
365,2020,10,2020-10-01,2020-10-31,"full_month",8,31,31,0.258064516129032,201.694501554966,"adult","f"
365,2020,11,2020-11-01,2020-11-30,"full_month",12,30,30,0.4,201.694501554966,"adult","f"
365,2020,12,2020-12-01,2020-12-31,"full_month",4,31,31,0.129032258064516,201.694501554966,"adult","f"
365,2021,1,2021-01-01,2021-01-31,"full_month",12,31,31,0.387096774193548,208.119123858382,"adult","f"
365,2021,2,2021-02-01,2021-02-28,"full_month",5,28,28,0.178571428571429,208.119123858382,"adult","f"
365,2021,3,2021-03-01,2021-03-31,"full_month",1,31,31,0.032258064516129,208.119123858382,"adult","f"
365,2021,4,2021-04-01,2021-04-30,"full_month",0,30,30,0,208.119123858382,"adult","f"
365,2021,5,2021-05-01,2021-05-31,"full_month",1,31,31,0.032258064516129,208.119123858382,"adult","f"
365,2021,6,2021-06-01,2021-06-30,"full_month",5,30,30,0.166666666666667,208.119123858382,"adult","f"
365,2021,7,2021-07-01,2021-07-31,"full_month",9,31,31,0.290322580645161,208.119123858382,"adult","f"
365,2021,8,2021-08-01,2021-08-31,"full_month",4,31,31,0.129032258064516,208.119123858382,"adult","f"
365,2021,9,2021-09-01,2021-09-30,"full_month",2,30,30,0.0666666666666667,208.119123858382,"adult","f"
365,2021,10,2021-10-01,2021-10-31,"full_month",20,31,31,0.645161290322581,208.119123858382,"adult","f"
365,2021,11,2021-11-01,2021-11-30,"full_month",12,30,30,0.4,208.119123858382,"adult","f"
365,2021,12,2021-12-01,2021-12-31,"final_detection_month",8,31,26,0.307692307692308,208.119123858382,"adult","f"
366,2016,5,2016-05-01,2016-05-31,"tagging_month",2,31,13,0.153846153846154,119,"subadult","f"
366,2016,6,2016-06-01,2016-06-30,"final_detection_month",1,30,16,0.0625,119,"subadult","f"
367,2016,5,2016-05-01,2016-05-31,"tagging_month",8,31,12,0.666666666666667,116,"subadult","f"
367,2016,6,2016-06-01,2016-06-30,"full_month",30,30,30,1,116,"subadult","f"
367,2016,7,2016-07-01,2016-07-31,"full_month",29,31,31,0.935483870967742,116,"subadult","f"
367,2016,8,2016-08-01,2016-08-31,"full_month",30,31,31,0.967741935483871,116,"subadult","f"
367,2016,9,2016-09-01,2016-09-30,"full_month",30,30,30,1,116,"subadult","f"
367,2016,10,2016-10-01,2016-10-31,"full_month",31,31,31,1,116,"subadult","f"
367,2016,11,2016-11-01,2016-11-30,"full_month",30,30,30,1,116,"subadult","f"
367,2016,12,2016-12-01,2016-12-31,"final_detection_month",3,31,9,0.333333333333333,116,"subadult","f"
368,2016,5,2016-05-01,2016-05-31,"tagging_month",12,31,12,1,151,"subadult","m"
368,2016,6,2016-06-01,2016-06-30,"full_month",26,30,30,0.866666666666667,151,"subadult","m"
368,2016,7,2016-07-01,2016-07-31,"full_month",17,31,31,0.548387096774194,151,"subadult","m"
368,2016,8,2016-08-01,2016-08-31,"full_month",25,31,31,0.806451612903226,151,"subadult","m"
368,2016,9,2016-09-01,2016-09-30,"full_month",5,30,30,0.166666666666667,151,"subadult","m"
368,2016,10,2016-10-01,2016-10-31,"full_month",0,31,31,0,151,"subadult","m"
368,2016,11,2016-11-01,2016-11-30,"full_month",4,30,30,0.133333333333333,151,"subadult","m"
368,2016,12,2016-12-01,2016-12-31,"full_month",0,31,31,0,151,"subadult","m"
368,2017,1,2017-01-01,2017-01-31,"full_month",0,31,31,0,160.233398340069,"subadult","m"
368,2017,2,2017-02-01,2017-02-28,"full_month",0,28,28,0,160.233398340069,"subadult","m"
368,2017,3,2017-03-01,2017-03-31,"full_month",0,31,31,0,160.233398340069,"subadult","m"
368,2017,4,2017-04-01,2017-04-30,"full_month",0,30,30,0,160.233398340069,"subadult","m"
368,2017,5,2017-05-01,2017-05-31,"full_month",0,31,31,0,160.233398340069,"subadult","m"
368,2017,6,2017-06-01,2017-06-30,"full_month",5,30,30,0.166666666666667,160.233398340069,"subadult","m"
368,2017,7,2017-07-01,2017-07-31,"full_month",18,31,31,0.580645161290323,160.233398340069,"subadult","m"
368,2017,8,2017-08-01,2017-08-31,"full_month",25,31,31,0.806451612903226,160.233398340069,"subadult","m"
368,2017,9,2017-09-01,2017-09-30,"full_month",8,30,30,0.266666666666667,160.233398340069,"subadult","m"
368,2017,10,2017-10-01,2017-10-31,"full_month",9,31,31,0.290322580645161,160.233398340069,"subadult","m"
368,2017,11,2017-11-01,2017-11-30,"full_month",10,30,30,0.333333333333333,160.233398340069,"subadult","m"
368,2017,12,2017-12-01,2017-12-31,"full_month",2,31,31,0.0645161290322581,160.233398340069,"subadult","m"
368,2018,1,2018-01-01,2018-01-31,"full_month",0,31,31,0,168.955211652197,"adult","m"
368,2018,2,2018-02-01,2018-02-28,"full_month",0,28,28,0,168.955211652197,"adult","m"
368,2018,3,2018-03-01,2018-03-31,"full_month",0,31,31,0,168.955211652197,"adult","m"
368,2018,4,2018-04-01,2018-04-30,"full_month",0,30,30,0,168.955211652197,"adult","m"
368,2018,5,2018-05-01,2018-05-31,"full_month",1,31,31,0.032258064516129,168.955211652197,"adult","m"
368,2018,6,2018-06-01,2018-06-30,"full_month",0,30,30,0,168.955211652197,"adult","m"
368,2018,7,2018-07-01,2018-07-31,"full_month",1,31,31,0.032258064516129,168.955211652197,"adult","m"
368,2018,8,2018-08-01,2018-08-31,"full_month",0,31,31,0,168.955211652197,"adult","m"
368,2018,9,2018-09-01,2018-09-30,"full_month",0,30,30,0,168.955211652197,"adult","m"
368,2018,10,2018-10-01,2018-10-31,"full_month",0,31,31,0,168.955211652197,"adult","m"
368,2018,11,2018-11-01,2018-11-30,"full_month",2,30,30,0.0666666666666667,168.955211652197,"adult","m"
368,2018,12,2018-12-01,2018-12-31,"full_month",0,31,31,0,168.955211652197,"adult","m"
368,2019,1,2019-01-01,2019-01-31,"full_month",0,31,31,0,177.193784780955,"adult","m"
368,2019,2,2019-02-01,2019-02-28,"full_month",0,28,28,0,177.193784780955,"adult","m"
368,2019,3,2019-03-01,2019-03-31,"full_month",0,31,31,0,177.193784780955,"adult","m"
368,2019,4,2019-04-01,2019-04-30,"full_month",0,30,30,0,177.193784780955,"adult","m"
368,2019,5,2019-05-01,2019-05-31,"full_month",0,31,31,0,177.193784780955,"adult","m"
368,2019,6,2019-06-01,2019-06-30,"full_month",0,30,30,0,177.193784780955,"adult","m"
368,2019,7,2019-07-01,2019-07-31,"final_detection_month",0,31,29,0,177.193784780955,"adult","m"
369,2016,5,2016-05-01,2016-05-31,"tagging_month",12,31,12,1,148,"subadult","m"
369,2016,6,2016-06-01,2016-06-30,"full_month",30,30,30,1,148,"subadult","m"
369,2016,7,2016-07-01,2016-07-31,"full_month",24,31,31,0.774193548387097,148,"subadult","m"
369,2016,8,2016-08-01,2016-08-31,"full_month",0,31,31,0,148,"subadult","m"
369,2016,9,2016-09-01,2016-09-30,"full_month",0,30,30,0,148,"subadult","m"
369,2016,10,2016-10-01,2016-10-31,"full_month",0,31,31,0,148,"subadult","m"
369,2016,11,2016-11-01,2016-11-30,"full_month",0,30,30,0,148,"subadult","m"
369,2016,12,2016-12-01,2016-12-31,"full_month",0,31,31,0,148,"subadult","m"
369,2017,1,2017-01-01,2017-01-31,"full_month",0,31,31,0,157.399616131969,"subadult","m"
369,2017,2,2017-02-01,2017-02-28,"full_month",0,28,28,0,157.399616131969,"subadult","m"
369,2017,3,2017-03-01,2017-03-31,"full_month",0,31,31,0,157.399616131969,"subadult","m"
369,2017,4,2017-04-01,2017-04-30,"full_month",0,30,30,0,157.399616131969,"subadult","m"
369,2017,5,2017-05-01,2017-05-31,"full_month",0,31,31,0,157.399616131969,"subadult","m"
369,2017,6,2017-06-01,2017-06-30,"full_month",0,30,30,0,157.399616131969,"subadult","m"
369,2017,7,2017-07-01,2017-07-31,"full_month",0,31,31,0,157.399616131969,"subadult","m"
369,2017,8,2017-08-01,2017-08-31,"full_month",0,31,31,0,157.399616131969,"subadult","m"
369,2017,9,2017-09-01,2017-09-30,"full_month",0,30,30,0,157.399616131969,"subadult","m"
369,2017,10,2017-10-01,2017-10-31,"full_month",0,31,31,0,157.399616131969,"subadult","m"
369,2017,11,2017-11-01,2017-11-30,"full_month",0,30,30,0,157.399616131969,"subadult","m"
369,2017,12,2017-12-01,2017-12-31,"full_month",0,31,31,0,157.399616131969,"subadult","m"
369,2018,1,2018-01-01,2018-01-31,"full_month",0,31,31,0,166.278437784549,"adult","m"
369,2018,2,2018-02-01,2018-02-28,"full_month",0,28,28,0,166.278437784549,"adult","m"
369,2018,3,2018-03-01,2018-03-31,"full_month",0,31,31,0,166.278437784549,"adult","m"
369,2018,4,2018-04-01,2018-04-30,"full_month",0,30,30,0,166.278437784549,"adult","m"
369,2018,5,2018-05-01,2018-05-31,"full_month",0,31,31,0,166.278437784549,"adult","m"
369,2018,6,2018-06-01,2018-06-30,"full_month",0,30,30,0,166.278437784549,"adult","m"
369,2018,7,2018-07-01,2018-07-31,"full_month",0,31,31,0,166.278437784549,"adult","m"
369,2018,8,2018-08-01,2018-08-31,"full_month",0,31,31,0,166.278437784549,"adult","m"
369,2018,9,2018-09-01,2018-09-30,"full_month",0,30,30,0,166.278437784549,"adult","m"
369,2018,10,2018-10-01,2018-10-31,"full_month",0,31,31,0,166.278437784549,"adult","m"
369,2018,11,2018-11-01,2018-11-30,"full_month",0,30,30,0,166.278437784549,"adult","m"
369,2018,12,2018-12-01,2018-12-31,"full_month",0,31,31,0,166.278437784549,"adult","m"
369,2019,1,2019-01-01,2019-01-31,"full_month",0,31,31,0,174.66532006054,"adult","m"
369,2019,2,2019-02-01,2019-02-28,"full_month",0,28,28,0,174.66532006054,"adult","m"
369,2019,3,2019-03-01,2019-03-31,"full_month",0,31,31,0,174.66532006054,"adult","m"
369,2019,4,2019-04-01,2019-04-30,"full_month",0,30,30,0,174.66532006054,"adult","m"
369,2019,5,2019-05-01,2019-05-31,"full_month",0,31,31,0,174.66532006054,"adult","m"
369,2019,6,2019-06-01,2019-06-30,"full_month",0,30,30,0,174.66532006054,"adult","m"
369,2019,7,2019-07-01,2019-07-31,"full_month",0,31,31,0,174.66532006054,"adult","m"
369,2019,8,2019-08-01,2019-08-31,"full_month",0,31,31,0,174.66532006054,"adult","m"
369,2019,9,2019-09-01,2019-09-30,"full_month",0,30,30,0,174.66532006054,"adult","m"
369,2019,10,2019-10-01,2019-10-31,"full_month",0,31,31,0,174.66532006054,"adult","m"
369,2019,11,2019-11-01,2019-11-30,"full_month",0,30,30,0,174.66532006054,"adult","m"
369,2019,12,2019-12-01,2019-12-31,"full_month",0,31,31,0,174.66532006054,"adult","m"
369,2020,1,2020-01-01,2020-01-31,"full_month",0,31,31,0,182.587519318915,"adult","m"
369,2020,2,2020-02-01,2020-02-29,"full_month",0,29,29,0,182.587519318915,"adult","m"
369,2020,3,2020-03-01,2020-03-31,"full_month",0,31,31,0,182.587519318915,"adult","m"
369,2020,4,2020-04-01,2020-04-30,"full_month",0,30,30,0,182.587519318915,"adult","m"
369,2020,5,2020-05-01,2020-05-31,"full_month",0,31,31,0,182.587519318915,"adult","m"
369,2020,6,2020-06-01,2020-06-30,"full_month",0,30,30,0,182.587519318915,"adult","m"
369,2020,7,2020-07-01,2020-07-31,"full_month",0,31,31,0,182.587519318915,"adult","m"
369,2020,8,2020-08-01,2020-08-31,"full_month",0,31,31,0,182.587519318915,"adult","m"
369,2020,9,2020-09-01,2020-09-30,"full_month",0,30,30,0,182.587519318915,"adult","m"
369,2020,10,2020-10-01,2020-10-31,"full_month",0,31,31,0,182.587519318915,"adult","m"
369,2020,11,2020-11-01,2020-11-30,"full_month",0,30,30,0,182.587519318915,"adult","m"
369,2020,12,2020-12-01,2020-12-31,"full_month",2,31,31,0.0645161290322581,182.587519318915,"adult","m"
369,2021,1,2021-01-01,2021-01-31,"full_month",0,31,31,0,190.070781754717,"adult","m"
369,2021,2,2021-02-01,2021-02-28,"full_month",0,28,28,0,190.070781754717,"adult","m"
369,2021,3,2021-03-01,2021-03-31,"full_month",0,31,31,0,190.070781754717,"adult","m"
369,2021,4,2021-04-01,2021-04-30,"full_month",0,30,30,0,190.070781754717,"adult","m"
369,2021,5,2021-05-01,2021-05-31,"full_month",0,31,31,0,190.070781754717,"adult","m"
369,2021,6,2021-06-01,2021-06-30,"full_month",0,30,30,0,190.070781754717,"adult","m"
369,2021,7,2021-07-01,2021-07-31,"full_month",0,31,31,0,190.070781754717,"adult","m"
369,2021,8,2021-08-01,2021-08-31,"full_month",0,31,31,0,190.070781754717,"adult","m"
369,2021,9,2021-09-01,2021-09-30,"full_month",0,30,30,0,190.070781754717,"adult","m"
369,2021,10,2021-10-01,2021-10-31,"full_month",0,31,31,0,190.070781754717,"adult","m"
369,2021,11,2021-11-01,2021-11-30,"full_month",0,30,30,0,190.070781754717,"adult","m"
369,2021,12,2021-12-01,2021-12-31,"final_detection_month",2,31,7,0.285714285714286,190.070781754717,"adult","m"
370,2016,5,2016-05-01,2016-05-31,"tagging_month",11,31,11,1,145,"subadult","m"
370,2016,6,2016-06-01,2016-06-30,"full_month",29,30,30,0.966666666666667,145,"subadult","m"
370,2016,7,2016-07-01,2016-07-31,"full_month",31,31,31,1,145,"subadult","m"
370,2016,8,2016-08-01,2016-08-31,"full_month",9,31,31,0.290322580645161,145,"subadult","m"
370,2016,9,2016-09-01,2016-09-30,"full_month",0,30,30,0,145,"subadult","m"
370,2016,10,2016-10-01,2016-10-31,"full_month",0,31,31,0,145,"subadult","m"
370,2016,11,2016-11-01,2016-11-30,"full_month",0,30,30,0,145,"subadult","m"
370,2016,12,2016-12-01,2016-12-31,"full_month",0,31,31,0,145,"subadult","m"
370,2017,1,2017-01-01,2017-01-31,"full_month",0,31,31,0,154.56583392387,"subadult","m"
370,2017,2,2017-02-01,2017-02-28,"full_month",0,28,28,0,154.56583392387,"subadult","m"
370,2017,3,2017-03-01,2017-03-31,"full_month",0,31,31,0,154.56583392387,"subadult","m"
370,2017,4,2017-04-01,2017-04-30,"full_month",0,30,30,0,154.56583392387,"subadult","m"
370,2017,5,2017-05-01,2017-05-31,"full_month",0,31,31,0,154.56583392387,"subadult","m"
370,2017,6,2017-06-01,2017-06-30,"full_month",0,30,30,0,154.56583392387,"subadult","m"
370,2017,7,2017-07-01,2017-07-31,"full_month",0,31,31,0,154.56583392387,"subadult","m"
370,2017,8,2017-08-01,2017-08-31,"full_month",0,31,31,0,154.56583392387,"subadult","m"
370,2017,9,2017-09-01,2017-09-30,"full_month",0,30,30,0,154.56583392387,"subadult","m"
370,2017,10,2017-10-01,2017-10-31,"full_month",0,31,31,0,154.56583392387,"subadult","m"
370,2017,11,2017-11-01,2017-11-30,"full_month",0,30,30,0,154.56583392387,"subadult","m"
370,2017,12,2017-12-01,2017-12-31,"full_month",0,31,31,0,154.56583392387,"subadult","m"
370,2018,1,2018-01-01,2018-01-31,"full_month",0,31,31,0,163.601663916902,"subadult","m"
370,2018,2,2018-02-01,2018-02-28,"full_month",0,28,28,0,163.601663916902,"subadult","m"
370,2018,3,2018-03-01,2018-03-31,"full_month",0,31,31,0,163.601663916902,"subadult","m"
370,2018,4,2018-04-01,2018-04-30,"full_month",0,30,30,0,163.601663916902,"subadult","m"
370,2018,5,2018-05-01,2018-05-31,"full_month",0,31,31,0,163.601663916902,"subadult","m"
370,2018,6,2018-06-01,2018-06-30,"full_month",0,30,30,0,163.601663916902,"subadult","m"
370,2018,7,2018-07-01,2018-07-31,"full_month",0,31,31,0,163.601663916902,"subadult","m"
370,2018,8,2018-08-01,2018-08-31,"full_month",0,31,31,0,163.601663916902,"subadult","m"
370,2018,9,2018-09-01,2018-09-30,"full_month",0,30,30,0,163.601663916902,"subadult","m"
370,2018,10,2018-10-01,2018-10-31,"full_month",0,31,31,0,163.601663916902,"subadult","m"
370,2018,11,2018-11-01,2018-11-30,"full_month",0,30,30,0,163.601663916902,"subadult","m"
370,2018,12,2018-12-01,2018-12-31,"full_month",0,31,31,0,163.601663916902,"subadult","m"
370,2019,1,2019-01-01,2019-01-31,"full_month",0,31,31,0,172.136855340125,"adult","m"
370,2019,2,2019-02-01,2019-02-28,"full_month",0,28,28,0,172.136855340125,"adult","m"
370,2019,3,2019-03-01,2019-03-31,"full_month",0,31,31,0,172.136855340125,"adult","m"
370,2019,4,2019-04-01,2019-04-30,"full_month",0,30,30,0,172.136855340125,"adult","m"
370,2019,5,2019-05-01,2019-05-31,"full_month",0,31,31,0,172.136855340125,"adult","m"
370,2019,6,2019-06-01,2019-06-30,"full_month",0,30,30,0,172.136855340125,"adult","m"
370,2019,7,2019-07-01,2019-07-31,"full_month",0,31,31,0,172.136855340125,"adult","m"
370,2019,8,2019-08-01,2019-08-31,"full_month",0,31,31,0,172.136855340125,"adult","m"
370,2019,9,2019-09-01,2019-09-30,"full_month",0,30,30,0,172.136855340125,"adult","m"
370,2019,10,2019-10-01,2019-10-31,"full_month",0,31,31,0,172.136855340125,"adult","m"
370,2019,11,2019-11-01,2019-11-30,"full_month",0,30,30,0,172.136855340125,"adult","m"
370,2019,12,2019-12-01,2019-12-31,"full_month",0,31,31,0,172.136855340125,"adult","m"
370,2020,1,2020-01-01,2020-01-31,"full_month",0,31,31,0,180.199146539409,"adult","m"
370,2020,2,2020-02-01,2020-02-29,"full_month",0,29,29,0,180.199146539409,"adult","m"
370,2020,3,2020-03-01,2020-03-31,"full_month",0,31,31,0,180.199146539409,"adult","m"
370,2020,4,2020-04-01,2020-04-30,"full_month",0,30,30,0,180.199146539409,"adult","m"
370,2020,5,2020-05-01,2020-05-31,"full_month",0,31,31,0,180.199146539409,"adult","m"
370,2020,6,2020-06-01,2020-06-30,"full_month",0,30,30,0,180.199146539409,"adult","m"
370,2020,7,2020-07-01,2020-07-31,"full_month",0,31,31,0,180.199146539409,"adult","m"
370,2020,8,2020-08-01,2020-08-31,"full_month",0,31,31,0,180.199146539409,"adult","m"
370,2020,9,2020-09-01,2020-09-30,"full_month",0,30,30,0,180.199146539409,"adult","m"
370,2020,10,2020-10-01,2020-10-31,"full_month",0,31,31,0,180.199146539409,"adult","m"
370,2020,11,2020-11-01,2020-11-30,"full_month",0,30,30,0,180.199146539409,"adult","m"
370,2020,12,2020-12-01,2020-12-31,"full_month",0,31,31,0,180.199146539409,"adult","m"
370,2021,1,2021-01-01,2021-01-31,"final_detection_month",0,31,1,0,187.814738991759,"adult","m"
371,2016,5,2016-05-01,2016-05-31,"tagging_month",10,31,10,1,126,"subadult","f"
371,2016,6,2016-06-01,2016-06-30,"full_month",30,30,30,1,126,"subadult","f"
371,2016,7,2016-07-01,2016-07-31,"full_month",30,31,31,0.967741935483871,126,"subadult","f"
371,2016,8,2016-08-01,2016-08-31,"full_month",31,31,31,1,126,"subadult","f"
371,2016,9,2016-09-01,2016-09-30,"full_month",30,30,30,1,126,"subadult","f"
371,2016,10,2016-10-01,2016-10-31,"full_month",31,31,31,1,126,"subadult","f"
371,2016,11,2016-11-01,2016-11-30,"full_month",30,30,30,1,126,"subadult","f"
371,2016,12,2016-12-01,2016-12-31,"full_month",27,31,31,0.870967741935484,126,"subadult","f"
371,2017,1,2017-01-01,2017-01-31,"full_month",25,31,31,0.806451612903226,136.618546605906,"subadult","f"
371,2017,2,2017-02-01,2017-02-28,"full_month",28,28,28,1,136.618546605906,"subadult","f"
371,2017,3,2017-03-01,2017-03-31,"full_month",31,31,31,1,136.618546605906,"subadult","f"
371,2017,4,2017-04-01,2017-04-30,"full_month",29,30,30,0.966666666666667,136.618546605906,"subadult","f"
371,2017,5,2017-05-01,2017-05-31,"full_month",31,31,31,1,136.618546605906,"subadult","f"
371,2017,6,2017-06-01,2017-06-30,"full_month",30,30,30,1,136.618546605906,"subadult","f"
371,2017,7,2017-07-01,2017-07-31,"full_month",29,31,31,0.935483870967742,136.618546605906,"subadult","f"
371,2017,8,2017-08-01,2017-08-31,"full_month",29,31,31,0.935483870967742,136.618546605906,"subadult","f"
371,2017,9,2017-09-01,2017-09-30,"full_month",30,30,30,1,136.618546605906,"subadult","f"
371,2017,10,2017-10-01,2017-10-31,"full_month",31,31,31,1,136.618546605906,"subadult","f"
371,2017,11,2017-11-01,2017-11-30,"full_month",29,30,30,0.966666666666667,136.618546605906,"subadult","f"
371,2017,12,2017-12-01,2017-12-31,"full_month",29,31,31,0.935483870967742,136.618546605906,"subadult","f"
371,2018,1,2018-01-01,2018-01-31,"full_month",30,31,31,0.967741935483871,146.648762755136,"subadult","f"
371,2018,2,2018-02-01,2018-02-28,"full_month",27,28,28,0.964285714285714,146.648762755136,"subadult","f"
371,2018,3,2018-03-01,2018-03-31,"full_month",28,31,31,0.903225806451613,146.648762755136,"subadult","f"
371,2018,4,2018-04-01,2018-04-30,"full_month",27,30,30,0.9,146.648762755136,"subadult","f"
371,2018,5,2018-05-01,2018-05-31,"full_month",22,31,31,0.709677419354839,146.648762755136,"subadult","f"
371,2018,6,2018-06-01,2018-06-30,"full_month",17,30,30,0.566666666666667,146.648762755136,"subadult","f"
371,2018,7,2018-07-01,2018-07-31,"full_month",16,31,31,0.516129032258065,146.648762755136,"subadult","f"
371,2018,8,2018-08-01,2018-08-31,"full_month",14,31,31,0.451612903225806,146.648762755136,"subadult","f"
371,2018,9,2018-09-01,2018-09-30,"full_month",15,30,30,0.5,146.648762755136,"subadult","f"
371,2018,10,2018-10-01,2018-10-31,"full_month",19,31,31,0.612903225806452,146.648762755136,"subadult","f"
371,2018,11,2018-11-01,2018-11-30,"full_month",22,30,30,0.733333333333333,146.648762755136,"subadult","f"
371,2018,12,2018-12-01,2018-12-31,"full_month",22,31,31,0.709677419354839,146.648762755136,"subadult","f"
371,2019,1,2019-01-01,2019-01-31,"full_month",22,31,31,0.709677419354839,156.123245444164,"subadult","f"
371,2019,2,2019-02-01,2019-02-28,"full_month",23,28,28,0.821428571428571,156.123245444164,"subadult","f"
371,2019,3,2019-03-01,2019-03-31,"full_month",21,31,31,0.67741935483871,156.123245444164,"subadult","f"
371,2019,4,2019-04-01,2019-04-30,"full_month",24,30,30,0.8,156.123245444164,"subadult","f"
371,2019,5,2019-05-01,2019-05-31,"full_month",22,31,31,0.709677419354839,156.123245444164,"subadult","f"
371,2019,6,2019-06-01,2019-06-30,"full_month",20,30,30,0.666666666666667,156.123245444164,"subadult","f"
371,2019,7,2019-07-01,2019-07-31,"full_month",24,31,31,0.774193548387097,156.123245444164,"subadult","f"
371,2019,8,2019-08-01,2019-08-31,"full_month",25,31,31,0.806451612903226,156.123245444164,"subadult","f"
371,2019,9,2019-09-01,2019-09-30,"full_month",24,30,30,0.8,156.123245444164,"subadult","f"
371,2019,10,2019-10-01,2019-10-31,"full_month",18,31,31,0.580645161290323,156.123245444164,"subadult","f"
371,2019,11,2019-11-01,2019-11-30,"full_month",29,30,30,0.966666666666667,156.123245444164,"subadult","f"
371,2019,12,2019-12-01,2019-12-31,"full_month",26,31,31,0.838709677419355,156.123245444164,"subadult","f"
371,2020,1,2020-01-01,2020-01-31,"full_month",23,31,31,0.741935483870968,165.072785602535,"subadult","f"
371,2020,2,2020-02-01,2020-02-29,"full_month",17,29,29,0.586206896551724,165.072785602535,"subadult","f"
371,2020,3,2020-03-01,2020-03-31,"full_month",4,31,31,0.129032258064516,165.072785602535,"subadult","f"
371,2020,4,2020-04-01,2020-04-30,"full_month",0,30,30,0,165.072785602535,"subadult","f"
371,2020,5,2020-05-01,2020-05-31,"full_month",0,31,31,0,165.072785602535,"subadult","f"
371,2020,6,2020-06-01,2020-06-30,"full_month",0,30,30,0,165.072785602535,"subadult","f"
371,2020,7,2020-07-01,2020-07-31,"full_month",1,31,31,0.032258064516129,165.072785602535,"subadult","f"
371,2020,8,2020-08-01,2020-08-31,"full_month",0,31,31,0,165.072785602535,"subadult","f"
371,2020,9,2020-09-01,2020-09-30,"full_month",0,30,30,0,165.072785602535,"subadult","f"
371,2020,10,2020-10-01,2020-10-31,"full_month",0,31,31,0,165.072785602535,"subadult","f"
371,2020,11,2020-11-01,2020-11-30,"full_month",0,30,30,0,165.072785602535,"subadult","f"
371,2020,12,2020-12-01,2020-12-31,"full_month",0,31,31,0,165.072785602535,"subadult","f"
371,2021,1,2021-01-01,2021-01-31,"full_month",0,31,31,0,173.52646815969,"adult","f"
371,2021,2,2021-02-01,2021-02-28,"full_month",0,28,28,0,173.52646815969,"adult","f"
371,2021,3,2021-03-01,2021-03-31,"full_month",0,31,31,0,173.52646815969,"adult","f"
371,2021,4,2021-04-01,2021-04-30,"full_month",0,30,30,0,173.52646815969,"adult","f"
371,2021,5,2021-05-01,2021-05-31,"full_month",0,31,31,0,173.52646815969,"adult","f"
371,2021,6,2021-06-01,2021-06-30,"full_month",0,30,30,0,173.52646815969,"adult","f"
371,2021,7,2021-07-01,2021-07-31,"full_month",0,31,31,0,173.52646815969,"adult","f"
371,2021,8,2021-08-01,2021-08-31,"full_month",0,31,31,0,173.52646815969,"adult","f"
371,2021,9,2021-09-01,2021-09-30,"full_month",0,30,30,0,173.52646815969,"adult","f"
371,2021,10,2021-10-01,2021-10-31,"full_month",0,31,31,0,173.52646815969,"adult","f"
371,2021,11,2021-11-01,2021-11-30,"full_month",0,30,30,0,173.52646815969,"adult","f"
371,2021,12,2021-12-01,2021-12-31,"final_detection_month",9,31,27,0.333333333333333,173.52646815969,"adult","f"
432,2017,8,2017-08-01,2017-08-31,"tagging_month",18,31,18,1,82,"juvenile","f"
432,2017,9,2017-09-01,2017-09-30,"full_month",27,30,30,0.9,82,"juvenile","f"
432,2017,10,2017-10-01,2017-10-31,"full_month",22,31,31,0.709677419354839,82,"juvenile","f"
432,2017,11,2017-11-01,2017-11-30,"full_month",19,30,30,0.633333333333333,82,"juvenile","f"
432,2017,12,2017-12-01,2017-12-31,"full_month",20,31,31,0.645161290322581,82,"juvenile","f"
432,2018,1,2018-01-01,2018-01-31,"full_month",15,31,31,0.483870967741935,95.0564075537788,"juvenile","f"
432,2018,2,2018-02-01,2018-02-28,"final_detection_month",1,28,1,1,95.0564075537788,"juvenile","f"
433,2017,8,2017-08-01,2017-08-31,"tagging_month",17,31,17,1,172,"adult","f"
433,2017,9,2017-09-01,2017-09-30,"full_month",30,30,30,1,172,"adult","f"
433,2017,10,2017-10-01,2017-10-31,"full_month",31,31,31,1,172,"adult","f"
433,2017,11,2017-11-01,2017-11-30,"full_month",29,30,30,0.966666666666667,172,"adult","f"
433,2017,12,2017-12-01,2017-12-31,"full_month",31,31,31,1,172,"adult","f"
433,2018,1,2018-01-01,2018-01-31,"full_month",31,31,31,1,180.069873796766,"adult","f"
433,2018,2,2018-02-01,2018-02-28,"full_month",27,28,28,0.964285714285714,180.069873796766,"adult","f"
433,2018,3,2018-03-01,2018-03-31,"final_detection_month",3,31,3,1,180.069873796766,"adult","f"
434,2017,8,2017-08-01,2017-08-31,"tagging_month",11,31,16,0.6875,141,"subadult","f"
434,2017,9,2017-09-01,2017-09-30,"full_month",30,30,30,1,141,"subadult","f"
434,2017,10,2017-10-01,2017-10-31,"full_month",31,31,31,1,141,"subadult","f"
434,2017,11,2017-11-01,2017-11-30,"full_month",29,30,30,0.966666666666667,141,"subadult","f"
434,2017,12,2017-12-01,2017-12-31,"full_month",27,31,31,0.870967741935484,141,"subadult","f"
434,2018,1,2018-01-01,2018-01-31,"full_month",30,31,31,0.967741935483871,150.787457646404,"subadult","f"
434,2018,2,2018-02-01,2018-02-28,"full_month",26,28,28,0.928571428571429,150.787457646404,"subadult","f"
434,2018,3,2018-03-01,2018-03-31,"final_detection_month",3,31,3,1,150.787457646404,"subadult","f"
435,2017,8,2017-08-01,2017-08-31,"tagging_month",6,31,16,0.375,124,"subadult","m"
435,2017,9,2017-09-01,2017-09-30,"full_month",28,30,30,0.933333333333333,124,"subadult","m"
435,2017,10,2017-10-01,2017-10-31,"full_month",29,31,31,0.935483870967742,124,"subadult","m"
435,2017,11,2017-11-01,2017-11-30,"full_month",30,30,30,1,124,"subadult","m"
435,2017,12,2017-12-01,2017-12-31,"full_month",29,31,31,0.935483870967742,124,"subadult","m"
435,2018,1,2018-01-01,2018-01-31,"full_month",31,31,31,1,134.729358467173,"subadult","m"
435,2018,2,2018-02-01,2018-02-28,"full_month",27,28,28,0.964285714285714,134.729358467173,"subadult","m"
435,2018,3,2018-03-01,2018-03-31,"final_detection_month",4,31,4,1,134.729358467173,"subadult","m"
438,2018,3,2018-03-01,2018-03-31,"tagging_month",12,31,12,1,156,"subadult","f"
438,2018,4,2018-04-01,2018-04-30,"full_month",30,30,30,1,156,"subadult","f"
438,2018,5,2018-05-01,2018-05-31,"full_month",30,31,31,0.967741935483871,156,"subadult","f"
438,2018,6,2018-06-01,2018-06-30,"full_month",20,30,30,0.666666666666667,156,"subadult","f"
438,2018,7,2018-07-01,2018-07-31,"full_month",28,31,31,0.903225806451613,156,"subadult","f"
438,2018,8,2018-08-01,2018-08-31,"full_month",19,31,31,0.612903225806452,156,"subadult","f"
438,2018,9,2018-09-01,2018-09-30,"full_month",16,30,30,0.533333333333333,156,"subadult","f"
438,2018,10,2018-10-01,2018-10-31,"full_month",20,31,31,0.645161290322581,156,"subadult","f"
438,2018,11,2018-11-01,2018-11-30,"full_month",25,30,30,0.833333333333333,156,"subadult","f"
438,2018,12,2018-12-01,2018-12-31,"full_month",30,31,31,0.967741935483871,156,"subadult","f"
438,2019,1,2019-01-01,2019-01-31,"full_month",22,31,31,0.709677419354839,164.956368686901,"subadult","f"
438,2019,2,2019-02-01,2019-02-28,"full_month",0,28,28,0,164.956368686901,"subadult","f"
438,2019,3,2019-03-01,2019-03-31,"full_month",3,31,31,0.0967741935483871,164.956368686901,"subadult","f"
438,2019,4,2019-04-01,2019-04-30,"full_month",0,30,30,0,164.956368686901,"subadult","f"
438,2019,5,2019-05-01,2019-05-31,"full_month",0,31,31,0,164.956368686901,"subadult","f"
438,2019,6,2019-06-01,2019-06-30,"full_month",5,30,30,0.166666666666667,164.956368686901,"subadult","f"
438,2019,7,2019-07-01,2019-07-31,"full_month",10,31,31,0.32258064516129,164.956368686901,"subadult","f"
438,2019,8,2019-08-01,2019-08-31,"full_month",4,31,31,0.129032258064516,164.956368686901,"subadult","f"
438,2019,9,2019-09-01,2019-09-30,"full_month",19,30,30,0.633333333333333,164.956368686901,"subadult","f"
438,2019,10,2019-10-01,2019-10-31,"full_month",7,31,31,0.225806451612903,164.956368686901,"subadult","f"
438,2019,11,2019-11-01,2019-11-30,"full_month",23,30,30,0.766666666666667,164.956368686901,"subadult","f"
438,2019,12,2019-12-01,2019-12-31,"full_month",29,31,31,0.935483870967742,164.956368686901,"subadult","f"
438,2020,1,2020-01-01,2020-01-31,"full_month",2,31,31,0.0645161290322581,173.416501431609,"adult","f"
438,2020,2,2020-02-01,2020-02-29,"full_month",9,29,29,0.310344827586207,173.416501431609,"adult","f"
438,2020,3,2020-03-01,2020-03-31,"full_month",1,31,31,0.032258064516129,173.416501431609,"adult","f"
438,2020,4,2020-04-01,2020-04-30,"full_month",0,30,30,0,173.416501431609,"adult","f"
438,2020,5,2020-05-01,2020-05-31,"full_month",1,31,31,0.032258064516129,173.416501431609,"adult","f"
438,2020,6,2020-06-01,2020-06-30,"full_month",1,30,30,0.0333333333333333,173.416501431609,"adult","f"
438,2020,7,2020-07-01,2020-07-31,"full_month",0,31,31,0,173.416501431609,"adult","f"
438,2020,8,2020-08-01,2020-08-31,"full_month",0,31,31,0,173.416501431609,"adult","f"
438,2020,9,2020-09-01,2020-09-30,"full_month",0,30,30,0,173.416501431609,"adult","f"
438,2020,10,2020-10-01,2020-10-31,"full_month",18,31,31,0.580645161290323,173.416501431609,"adult","f"
438,2020,11,2020-11-01,2020-11-30,"full_month",6,30,30,0.2,173.416501431609,"adult","f"
438,2020,12,2020-12-01,2020-12-31,"full_month",0,31,31,0,173.416501431609,"adult","f"
438,2021,1,2021-01-01,2021-01-31,"full_month",0,31,31,0,181.407892648313,"adult","f"
438,2021,2,2021-02-01,2021-02-28,"full_month",0,28,28,0,181.407892648313,"adult","f"
438,2021,3,2021-03-01,2021-03-31,"full_month",0,31,31,0,181.407892648313,"adult","f"
438,2021,4,2021-04-01,2021-04-30,"full_month",0,30,30,0,181.407892648313,"adult","f"
438,2021,5,2021-05-01,2021-05-31,"full_month",0,31,31,0,181.407892648313,"adult","f"
438,2021,6,2021-06-01,2021-06-30,"full_month",0,30,30,0,181.407892648313,"adult","f"
438,2021,7,2021-07-01,2021-07-31,"full_month",0,31,31,0,181.407892648313,"adult","f"
438,2021,8,2021-08-01,2021-08-31,"full_month",0,31,31,0,181.407892648313,"adult","f"
438,2021,9,2021-09-01,2021-09-30,"full_month",0,30,30,0,181.407892648313,"adult","f"
438,2021,10,2021-10-01,2021-10-31,"full_month",0,31,31,0,181.407892648313,"adult","f"
438,2021,11,2021-11-01,2021-11-30,"final_detection_month",0,30,21,0,181.407892648313,"adult","f"
48,2012,8,2012-08-01,2012-08-31,"tagging_month",18,31,19,0.947368421052632,130,"subadult","m"
48,2012,9,2012-09-01,2012-09-30,"full_month",30,30,30,1,130,"subadult","m"
48,2012,10,2012-10-01,2012-10-31,"full_month",31,31,31,1,130,"subadult","m"
48,2012,11,2012-11-01,2012-11-30,"full_month",30,30,30,1,130,"subadult","m"
48,2012,12,2012-12-01,2012-12-31,"full_month",31,31,31,1,130,"subadult","m"
48,2013,1,2013-01-01,2013-01-31,"full_month",31,31,31,1,140.396922883372,"subadult","m"
48,2013,2,2013-02-01,2013-02-28,"full_month",28,28,28,1,140.396922883372,"subadult","m"
48,2013,3,2013-03-01,2013-03-31,"full_month",29,31,31,0.935483870967742,140.396922883372,"subadult","m"
48,2013,4,2013-04-01,2013-04-30,"full_month",30,30,30,1,140.396922883372,"subadult","m"
48,2013,5,2013-05-01,2013-05-31,"full_month",31,31,31,1,140.396922883372,"subadult","m"
48,2013,6,2013-06-01,2013-06-30,"full_month",30,30,30,1,140.396922883372,"subadult","m"
48,2013,7,2013-07-01,2013-07-31,"full_month",31,31,31,1,140.396922883372,"subadult","m"
48,2013,8,2013-08-01,2013-08-31,"full_month",15,31,31,0.483870967741935,140.396922883372,"subadult","m"
48,2013,9,2013-09-01,2013-09-30,"full_month",0,30,30,0,140.396922883372,"subadult","m"
48,2013,10,2013-10-01,2013-10-31,"full_month",0,31,31,0,140.396922883372,"subadult","m"
48,2013,11,2013-11-01,2013-11-30,"full_month",0,30,30,0,140.396922883372,"subadult","m"
48,2013,12,2013-12-01,2013-12-31,"full_month",0,31,31,0,140.396922883372,"subadult","m"
48,2014,1,2014-01-01,2014-01-31,"full_month",0,31,31,0,150.217794578666,"subadult","m"
48,2014,2,2014-02-01,2014-02-28,"full_month",2,28,28,0.0714285714285714,150.217794578666,"subadult","m"
48,2014,3,2014-03-01,2014-03-31,"full_month",0,31,31,0,150.217794578666,"subadult","m"
48,2014,4,2014-04-01,2014-04-30,"full_month",0,30,30,0,150.217794578666,"subadult","m"
48,2014,5,2014-05-01,2014-05-31,"full_month",0,31,31,0,150.217794578666,"subadult","m"
48,2014,6,2014-06-01,2014-06-30,"full_month",0,30,30,0,150.217794578666,"subadult","m"
48,2014,7,2014-07-01,2014-07-31,"full_month",0,31,31,0,150.217794578666,"subadult","m"
48,2014,8,2014-08-01,2014-08-31,"full_month",0,31,31,0,150.217794578666,"subadult","m"
48,2014,9,2014-09-01,2014-09-30,"full_month",0,30,30,0,150.217794578666,"subadult","m"
48,2014,10,2014-10-01,2014-10-31,"full_month",0,31,31,0,150.217794578666,"subadult","m"
48,2014,11,2014-11-01,2014-11-30,"full_month",0,30,30,0,150.217794578666,"subadult","m"
48,2014,12,2014-12-01,2014-12-31,"full_month",0,31,31,0,150.217794578666,"subadult","m"
48,2015,1,2015-01-01,2015-01-31,"full_month",0,31,31,0,159.49453173805,"subadult","m"
48,2015,2,2015-02-01,2015-02-28,"full_month",0,28,28,0,159.49453173805,"subadult","m"
48,2015,3,2015-03-01,2015-03-31,"full_month",0,31,31,0,159.49453173805,"subadult","m"
48,2015,4,2015-04-01,2015-04-30,"full_month",0,30,30,0,159.49453173805,"subadult","m"
48,2015,5,2015-05-01,2015-05-31,"full_month",0,31,31,0,159.49453173805,"subadult","m"
48,2015,6,2015-06-01,2015-06-30,"full_month",0,30,30,0,159.49453173805,"subadult","m"
48,2015,7,2015-07-01,2015-07-31,"full_month",0,31,31,0,159.49453173805,"subadult","m"
48,2015,8,2015-08-01,2015-08-31,"full_month",0,31,31,0,159.49453173805,"subadult","m"
48,2015,9,2015-09-01,2015-09-30,"full_month",0,30,30,0,159.49453173805,"subadult","m"
48,2015,10,2015-10-01,2015-10-31,"full_month",0,31,31,0,159.49453173805,"subadult","m"
48,2015,11,2015-11-01,2015-11-30,"full_month",0,30,30,0,159.49453173805,"subadult","m"
48,2015,12,2015-12-01,2015-12-31,"full_month",0,31,31,0,159.49453173805,"subadult","m"
48,2016,1,2016-01-01,2016-01-31,"full_month",0,31,31,0,168.257282641877,"adult","m"
48,2016,2,2016-02-01,2016-02-29,"full_month",0,29,29,0,168.257282641877,"adult","m"
48,2016,3,2016-03-01,2016-03-31,"full_month",0,31,31,0,168.257282641877,"adult","m"
48,2016,4,2016-04-01,2016-04-30,"full_month",0,30,30,0,168.257282641877,"adult","m"
48,2016,5,2016-05-01,2016-05-31,"full_month",0,31,31,0,168.257282641877,"adult","m"
48,2016,6,2016-06-01,2016-06-30,"full_month",0,30,30,0,168.257282641877,"adult","m"
48,2016,7,2016-07-01,2016-07-31,"full_month",0,31,31,0,168.257282641877,"adult","m"
48,2016,8,2016-08-01,2016-08-31,"full_month",0,31,31,0,168.257282641877,"adult","m"
48,2016,9,2016-09-01,2016-09-30,"full_month",0,30,30,0,168.257282641877,"adult","m"
48,2016,10,2016-10-01,2016-10-31,"full_month",0,31,31,0,168.257282641877,"adult","m"
48,2016,11,2016-11-01,2016-11-30,"full_month",1,30,30,0.0333333333333333,168.257282641877,"adult","m"
48,2016,12,2016-12-01,2016-12-31,"full_month",2,31,31,0.0645161290322581,168.257282641877,"adult","m"
48,2017,1,2017-01-01,2017-01-31,"full_month",0,31,31,0,176.534525176968,"adult","m"
48,2017,2,2017-02-01,2017-02-28,"full_month",0,28,28,0,176.534525176968,"adult","m"
48,2017,3,2017-03-01,2017-03-31,"full_month",0,31,31,0,176.534525176968,"adult","m"
48,2017,4,2017-04-01,2017-04-30,"full_month",0,30,30,0,176.534525176968,"adult","m"
48,2017,5,2017-05-01,2017-05-31,"full_month",0,31,31,0,176.534525176968,"adult","m"
48,2017,6,2017-06-01,2017-06-30,"full_month",0,30,30,0,176.534525176968,"adult","m"
48,2017,7,2017-07-01,2017-07-31,"full_month",0,31,31,0,176.534525176968,"adult","m"
48,2017,8,2017-08-01,2017-08-31,"full_month",0,31,31,0,176.534525176968,"adult","m"
48,2017,9,2017-09-01,2017-09-30,"full_month",0,30,30,0,176.534525176968,"adult","m"
48,2017,10,2017-10-01,2017-10-31,"full_month",0,31,31,0,176.534525176968,"adult","m"
48,2017,11,2017-11-01,2017-11-30,"full_month",0,30,30,0,176.534525176968,"adult","m"
48,2017,12,2017-12-01,2017-12-31,"final_detection_month",2,31,3,0.666666666666667,176.534525176968,"adult","m"
49,2012,8,2012-08-01,2012-08-31,"tagging_month",9,31,19,0.473684210526316,145,"subadult","m"
49,2012,9,2012-09-01,2012-09-30,"full_month",26,30,30,0.866666666666667,145,"subadult","m"
49,2012,10,2012-10-01,2012-10-31,"full_month",31,31,31,1,145,"subadult","m"
49,2012,11,2012-11-01,2012-11-30,"full_month",29,30,30,0.966666666666667,145,"subadult","m"
49,2012,12,2012-12-01,2012-12-31,"full_month",28,31,31,0.903225806451613,145,"subadult","m"
49,2013,1,2013-01-01,2013-01-31,"full_month",22,31,31,0.709677419354839,154.56583392387,"subadult","m"
49,2013,2,2013-02-01,2013-02-28,"full_month",14,28,28,0.5,154.56583392387,"subadult","m"
49,2013,3,2013-03-01,2013-03-31,"full_month",5,31,31,0.161290322580645,154.56583392387,"subadult","m"
49,2013,4,2013-04-01,2013-04-30,"full_month",19,30,30,0.633333333333333,154.56583392387,"subadult","m"
49,2013,5,2013-05-01,2013-05-31,"full_month",30,31,31,0.967741935483871,154.56583392387,"subadult","m"
49,2013,6,2013-06-01,2013-06-30,"full_month",27,30,30,0.9,154.56583392387,"subadult","m"
49,2013,7,2013-07-01,2013-07-31,"full_month",22,31,31,0.709677419354839,154.56583392387,"subadult","m"
49,2013,8,2013-08-01,2013-08-31,"full_month",0,31,31,0,154.56583392387,"subadult","m"
49,2013,9,2013-09-01,2013-09-30,"full_month",0,30,30,0,154.56583392387,"subadult","m"
49,2013,10,2013-10-01,2013-10-31,"full_month",0,31,31,0,154.56583392387,"subadult","m"
49,2013,11,2013-11-01,2013-11-30,"final_detection_month",0,30,3,0,154.56583392387,"subadult","m"
50,2012,8,2012-08-01,2012-08-31,"tagging_month",0,31,15,0,153,"subadult","f"
50,2012,9,2012-09-01,2012-09-30,"full_month",4,30,30,0.133333333333333,153,"subadult","f"
50,2012,10,2012-10-01,2012-10-31,"full_month",6,31,31,0.193548387096774,153,"subadult","f"
50,2012,11,2012-11-01,2012-11-30,"full_month",4,30,30,0.133333333333333,153,"subadult","f"
50,2012,12,2012-12-01,2012-12-31,"full_month",9,31,31,0.290322580645161,153,"subadult","f"
50,2013,1,2013-01-01,2013-01-31,"full_month",1,31,31,0.032258064516129,162.122586478802,"subadult","f"
50,2013,2,2013-02-01,2013-02-28,"full_month",5,28,28,0.178571428571429,162.122586478802,"subadult","f"
50,2013,3,2013-03-01,2013-03-31,"full_month",0,31,31,0,162.122586478802,"subadult","f"
50,2013,4,2013-04-01,2013-04-30,"full_month",1,30,30,0.0333333333333333,162.122586478802,"subadult","f"
50,2013,5,2013-05-01,2013-05-31,"full_month",1,31,31,0.032258064516129,162.122586478802,"subadult","f"
50,2013,6,2013-06-01,2013-06-30,"full_month",0,30,30,0,162.122586478802,"subadult","f"
50,2013,7,2013-07-01,2013-07-31,"full_month",3,31,31,0.0967741935483871,162.122586478802,"subadult","f"
50,2013,8,2013-08-01,2013-08-31,"full_month",2,31,31,0.0645161290322581,162.122586478802,"subadult","f"
50,2013,9,2013-09-01,2013-09-30,"full_month",4,30,30,0.133333333333333,162.122586478802,"subadult","f"
50,2013,10,2013-10-01,2013-10-31,"full_month",4,31,31,0.129032258064516,162.122586478802,"subadult","f"
50,2013,11,2013-11-01,2013-11-30,"full_month",9,30,30,0.3,162.122586478802,"subadult","f"
50,2013,12,2013-12-01,2013-12-31,"full_month",23,31,31,0.741935483870968,162.122586478802,"subadult","f"
50,2014,1,2014-01-01,2014-01-31,"full_month",26,31,31,0.838709677419355,170.739727563961,"adult","f"
50,2014,2,2014-02-01,2014-02-28,"full_month",24,28,28,0.857142857142857,170.739727563961,"adult","f"
50,2014,3,2014-03-01,2014-03-31,"full_month",22,31,31,0.709677419354839,170.739727563961,"adult","f"
50,2014,4,2014-04-01,2014-04-30,"full_month",19,30,30,0.633333333333333,170.739727563961,"adult","f"
50,2014,5,2014-05-01,2014-05-31,"full_month",0,31,31,0,170.739727563961,"adult","f"
50,2014,6,2014-06-01,2014-06-30,"full_month",0,30,30,0,170.739727563961,"adult","f"
50,2014,7,2014-07-01,2014-07-31,"full_month",0,31,31,0,170.739727563961,"adult","f"
50,2014,8,2014-08-01,2014-08-31,"full_month",0,31,31,0,170.739727563961,"adult","f"
50,2014,9,2014-09-01,2014-09-30,"full_month",0,30,30,0,170.739727563961,"adult","f"
50,2014,10,2014-10-01,2014-10-31,"full_month",0,31,31,0,170.739727563961,"adult","f"
50,2014,11,2014-11-01,2014-11-30,"full_month",0,30,30,0,170.739727563961,"adult","f"
50,2014,12,2014-12-01,2014-12-31,"full_month",13,31,31,0.419354838709677,170.739727563961,"adult","f"
50,2015,1,2015-01-01,2015-01-31,"full_month",14,31,31,0.451612903225806,178.879427927898,"adult","f"
50,2015,2,2015-02-01,2015-02-28,"full_month",0,28,28,0,178.879427927898,"adult","f"
50,2015,3,2015-03-01,2015-03-31,"full_month",0,31,31,0,178.879427927898,"adult","f"
50,2015,4,2015-04-01,2015-04-30,"full_month",0,30,30,0,178.879427927898,"adult","f"
50,2015,5,2015-05-01,2015-05-31,"full_month",0,31,31,0,178.879427927898,"adult","f"
50,2015,6,2015-06-01,2015-06-30,"full_month",0,30,30,0,178.879427927898,"adult","f"
50,2015,7,2015-07-01,2015-07-31,"full_month",0,31,31,0,178.879427927898,"adult","f"
50,2015,8,2015-08-01,2015-08-31,"full_month",0,31,31,0,178.879427927898,"adult","f"
50,2015,9,2015-09-01,2015-09-30,"full_month",0,30,30,0,178.879427927898,"adult","f"
50,2015,10,2015-10-01,2015-10-31,"full_month",0,31,31,0,178.879427927898,"adult","f"
50,2015,11,2015-11-01,2015-11-30,"full_month",0,30,30,0,178.879427927898,"adult","f"
50,2015,12,2015-12-01,2015-12-31,"full_month",0,31,31,0,178.879427927898,"adult","f"
50,2016,1,2016-01-01,2016-01-31,"full_month",17,31,31,0.548387096774194,186.568140618093,"adult","f"
50,2016,2,2016-02-01,2016-02-29,"full_month",0,29,29,0,186.568140618093,"adult","f"
50,2016,3,2016-03-01,2016-03-31,"final_detection_month",7,31,21,0.333333333333333,186.568140618093,"adult","f"
51,2012,8,2012-08-01,2012-08-31,"tagging_month",0,31,18,0,150,"subadult","f"
51,2012,9,2012-09-01,2012-09-30,"full_month",5,30,30,0.166666666666667,150,"subadult","f"
51,2012,10,2012-10-01,2012-10-31,"full_month",15,31,31,0.483870967741935,150,"subadult","f"
51,2012,11,2012-11-01,2012-11-30,"full_month",10,30,30,0.333333333333333,150,"subadult","f"
51,2012,12,2012-12-01,2012-12-31,"full_month",8,31,31,0.258064516129032,150,"subadult","f"
51,2013,1,2013-01-01,2013-01-31,"full_month",15,31,31,0.483870967741935,159.288804270702,"subadult","f"
51,2013,2,2013-02-01,2013-02-28,"full_month",10,28,28,0.357142857142857,159.288804270702,"subadult","f"
51,2013,3,2013-03-01,2013-03-31,"full_month",13,31,31,0.419354838709677,159.288804270702,"subadult","f"
51,2013,4,2013-04-01,2013-04-30,"full_month",18,30,30,0.6,159.288804270702,"subadult","f"
51,2013,5,2013-05-01,2013-05-31,"full_month",9,31,31,0.290322580645161,159.288804270702,"subadult","f"
51,2013,6,2013-06-01,2013-06-30,"full_month",8,30,30,0.266666666666667,159.288804270702,"subadult","f"
51,2013,7,2013-07-01,2013-07-31,"full_month",10,31,31,0.32258064516129,159.288804270702,"subadult","f"
51,2013,8,2013-08-01,2013-08-31,"full_month",14,31,31,0.451612903225806,159.288804270702,"subadult","f"
51,2013,9,2013-09-01,2013-09-30,"full_month",20,30,30,0.666666666666667,159.288804270702,"subadult","f"
51,2013,10,2013-10-01,2013-10-31,"full_month",21,31,31,0.67741935483871,159.288804270702,"subadult","f"
51,2013,11,2013-11-01,2013-11-30,"full_month",10,30,30,0.333333333333333,159.288804270702,"subadult","f"
51,2013,12,2013-12-01,2013-12-31,"full_month",14,31,31,0.451612903225806,159.288804270702,"subadult","f"
51,2014,1,2014-01-01,2014-01-31,"full_month",21,31,31,0.67741935483871,168.062953696314,"adult","f"
51,2014,2,2014-02-01,2014-02-28,"full_month",19,28,28,0.678571428571429,168.062953696314,"adult","f"
51,2014,3,2014-03-01,2014-03-31,"full_month",19,31,31,0.612903225806452,168.062953696314,"adult","f"
51,2014,4,2014-04-01,2014-04-30,"full_month",25,30,30,0.833333333333333,168.062953696314,"adult","f"
51,2014,5,2014-05-01,2014-05-31,"full_month",21,31,31,0.67741935483871,168.062953696314,"adult","f"
51,2014,6,2014-06-01,2014-06-30,"full_month",23,30,30,0.766666666666667,168.062953696314,"adult","f"
51,2014,7,2014-07-01,2014-07-31,"full_month",25,31,31,0.806451612903226,168.062953696314,"adult","f"
51,2014,8,2014-08-01,2014-08-31,"full_month",28,31,31,0.903225806451613,168.062953696314,"adult","f"
51,2014,9,2014-09-01,2014-09-30,"full_month",30,30,30,1,168.062953696314,"adult","f"
51,2014,10,2014-10-01,2014-10-31,"full_month",30,31,31,0.967741935483871,168.062953696314,"adult","f"
51,2014,11,2014-11-01,2014-11-30,"full_month",30,30,30,1,168.062953696314,"adult","f"
51,2014,12,2014-12-01,2014-12-31,"full_month",29,31,31,0.935483870967742,168.062953696314,"adult","f"
51,2015,1,2015-01-01,2015-01-31,"full_month",31,31,31,1,176.350963207483,"adult","f"
51,2015,2,2015-02-01,2015-02-28,"full_month",27,28,28,0.964285714285714,176.350963207483,"adult","f"
51,2015,3,2015-03-01,2015-03-31,"full_month",31,31,31,1,176.350963207483,"adult","f"
51,2015,4,2015-04-01,2015-04-30,"full_month",30,30,30,1,176.350963207483,"adult","f"
51,2015,5,2015-05-01,2015-05-31,"full_month",30,31,31,0.967741935483871,176.350963207483,"adult","f"
51,2015,6,2015-06-01,2015-06-30,"full_month",30,30,30,1,176.350963207483,"adult","f"
51,2015,7,2015-07-01,2015-07-31,"full_month",30,31,31,0.967741935483871,176.350963207483,"adult","f"
51,2015,8,2015-08-01,2015-08-31,"full_month",31,31,31,1,176.350963207483,"adult","f"
51,2015,9,2015-09-01,2015-09-30,"full_month",30,30,30,1,176.350963207483,"adult","f"
51,2015,10,2015-10-01,2015-10-31,"full_month",29,31,31,0.935483870967742,176.350963207483,"adult","f"
51,2015,11,2015-11-01,2015-11-30,"full_month",30,30,30,1,176.350963207483,"adult","f"
51,2015,12,2015-12-01,2015-12-31,"full_month",30,31,31,0.967741935483871,176.350963207483,"adult","f"
51,2016,1,2016-01-01,2016-01-31,"full_month",31,31,31,1,184.179767838586,"adult","f"
51,2016,2,2016-02-01,2016-02-29,"full_month",29,29,29,1,184.179767838586,"adult","f"
51,2016,3,2016-03-01,2016-03-31,"full_month",31,31,31,1,184.179767838586,"adult","f"
51,2016,4,2016-04-01,2016-04-30,"full_month",30,30,30,1,184.179767838586,"adult","f"
51,2016,5,2016-05-01,2016-05-31,"full_month",31,31,31,1,184.179767838586,"adult","f"
51,2016,6,2016-06-01,2016-06-30,"full_month",30,30,30,1,184.179767838586,"adult","f"
51,2016,7,2016-07-01,2016-07-31,"full_month",31,31,31,1,184.179767838586,"adult","f"
51,2016,8,2016-08-01,2016-08-31,"full_month",31,31,31,1,184.179767838586,"adult","f"
51,2016,9,2016-09-01,2016-09-30,"full_month",30,30,30,1,184.179767838586,"adult","f"
51,2016,10,2016-10-01,2016-10-31,"full_month",31,31,31,1,184.179767838586,"adult","f"
51,2016,11,2016-11-01,2016-11-30,"full_month",30,30,30,1,184.179767838586,"adult","f"
51,2016,12,2016-12-01,2016-12-31,"full_month",28,31,31,0.903225806451613,184.179767838586,"adult","f"
51,2017,1,2017-01-01,2017-01-31,"full_month",18,31,31,0.580645161290323,191.574810263355,"adult","f"
51,2017,2,2017-02-01,2017-02-28,"full_month",0,28,28,0,191.574810263355,"adult","f"
51,2017,3,2017-03-01,2017-03-31,"full_month",0,31,31,0,191.574810263355,"adult","f"
51,2017,4,2017-04-01,2017-04-30,"full_month",0,30,30,0,191.574810263355,"adult","f"
51,2017,5,2017-05-01,2017-05-31,"full_month",0,31,31,0,191.574810263355,"adult","f"
51,2017,6,2017-06-01,2017-06-30,"full_month",0,30,30,0,191.574810263355,"adult","f"
51,2017,7,2017-07-01,2017-07-31,"full_month",0,31,31,0,191.574810263355,"adult","f"
51,2017,8,2017-08-01,2017-08-31,"full_month",0,31,31,0,191.574810263355,"adult","f"
51,2017,9,2017-09-01,2017-09-30,"full_month",0,30,30,0,191.574810263355,"adult","f"
51,2017,10,2017-10-01,2017-10-31,"full_month",0,31,31,0,191.574810263355,"adult","f"
51,2017,11,2017-11-01,2017-11-30,"full_month",0,30,30,0,191.574810263355,"adult","f"
51,2017,12,2017-12-01,2017-12-31,"full_month",0,31,31,0,191.574810263355,"adult","f"
51,2018,1,2018-01-01,2018-01-31,"final_detection_month",1,31,16,0.0625,198.560123480506,"adult","f"
52,2012,8,2012-08-01,2012-08-31,"tagging_month",0,31,16,0,135,"subadult","m"
52,2012,9,2012-09-01,2012-09-30,"full_month",1,30,30,0.0333333333333333,135,"subadult","m"
52,2012,10,2012-10-01,2012-10-31,"full_month",9,31,31,0.290322580645161,135,"subadult","m"
52,2012,11,2012-11-01,2012-11-30,"full_month",1,30,30,0.0333333333333333,135,"subadult","m"
52,2012,12,2012-12-01,2012-12-31,"full_month",7,31,31,0.225806451612903,135,"subadult","m"
52,2013,1,2013-01-01,2013-01-31,"full_month",5,31,31,0.161290322580645,145.119893230204,"subadult","m"
52,2013,2,2013-02-01,2013-02-28,"full_month",3,28,28,0.107142857142857,145.119893230204,"subadult","m"
52,2013,3,2013-03-01,2013-03-31,"full_month",0,31,31,0,145.119893230204,"subadult","m"
52,2013,4,2013-04-01,2013-04-30,"full_month",3,30,30,0.1,145.119893230204,"subadult","m"
52,2013,5,2013-05-01,2013-05-31,"full_month",2,31,31,0.0645161290322581,145.119893230204,"subadult","m"
52,2013,6,2013-06-01,2013-06-30,"full_month",3,30,30,0.1,145.119893230204,"subadult","m"
52,2013,7,2013-07-01,2013-07-31,"full_month",0,31,31,0,145.119893230204,"subadult","m"
52,2013,8,2013-08-01,2013-08-31,"full_month",7,31,31,0.225806451612903,145.119893230204,"subadult","m"
52,2013,9,2013-09-01,2013-09-30,"final_detection_month",2,30,2,1,145.119893230204,"subadult","m"
53,2012,8,2012-08-01,2012-08-31,"tagging_month",0,31,12,0,138,"subadult","f"
53,2012,9,2012-09-01,2012-09-30,"full_month",3,30,30,0.1,138,"subadult","f"
53,2012,10,2012-10-01,2012-10-31,"full_month",0,31,31,0,138,"subadult","f"
53,2012,11,2012-11-01,2012-11-30,"full_month",1,30,30,0.0333333333333333,138,"subadult","f"
53,2012,12,2012-12-01,2012-12-31,"full_month",0,31,31,0,138,"subadult","f"
53,2013,1,2013-01-01,2013-01-31,"full_month",2,31,31,0.0645161290322581,147.953675438304,"subadult","f"
53,2013,2,2013-02-01,2013-02-28,"full_month",0,28,28,0,147.953675438304,"subadult","f"
53,2013,3,2013-03-01,2013-03-31,"full_month",3,31,31,0.0967741935483871,147.953675438304,"subadult","f"
53,2013,4,2013-04-01,2013-04-30,"full_month",0,30,30,0,147.953675438304,"subadult","f"
53,2013,5,2013-05-01,2013-05-31,"full_month",0,31,31,0,147.953675438304,"subadult","f"
53,2013,6,2013-06-01,2013-06-30,"full_month",2,30,30,0.0666666666666667,147.953675438304,"subadult","f"
53,2013,7,2013-07-01,2013-07-31,"full_month",4,31,31,0.129032258064516,147.953675438304,"subadult","f"
53,2013,8,2013-08-01,2013-08-31,"full_month",2,31,31,0.0645161290322581,147.953675438304,"subadult","f"
53,2013,9,2013-09-01,2013-09-30,"full_month",3,30,30,0.1,147.953675438304,"subadult","f"
53,2013,10,2013-10-01,2013-10-31,"full_month",0,31,31,0,147.953675438304,"subadult","f"
53,2013,11,2013-11-01,2013-11-30,"full_month",6,30,30,0.2,147.953675438304,"subadult","f"
53,2013,12,2013-12-01,2013-12-31,"full_month",27,31,31,0.870967741935484,147.953675438304,"subadult","f"
53,2014,1,2014-01-01,2014-01-31,"full_month",27,31,31,0.870967741935484,157.355858225725,"subadult","f"
53,2014,2,2014-02-01,2014-02-28,"full_month",27,28,28,0.964285714285714,157.355858225725,"subadult","f"
53,2014,3,2014-03-01,2014-03-31,"full_month",31,31,31,1,157.355858225725,"subadult","f"
53,2014,4,2014-04-01,2014-04-30,"full_month",30,30,30,1,157.355858225725,"subadult","f"
53,2014,5,2014-05-01,2014-05-31,"full_month",21,31,31,0.67741935483871,157.355858225725,"subadult","f"
53,2014,6,2014-06-01,2014-06-30,"full_month",14,30,30,0.466666666666667,157.355858225725,"subadult","f"
53,2014,7,2014-07-01,2014-07-31,"full_month",7,31,31,0.225806451612903,157.355858225725,"subadult","f"
53,2014,8,2014-08-01,2014-08-31,"full_month",11,31,31,0.354838709677419,157.355858225725,"subadult","f"
53,2014,9,2014-09-01,2014-09-30,"full_month",19,30,30,0.633333333333333,157.355858225725,"subadult","f"
53,2014,10,2014-10-01,2014-10-31,"full_month",14,31,31,0.451612903225806,157.355858225725,"subadult","f"
53,2014,11,2014-11-01,2014-11-30,"full_month",3,30,30,0.1,157.355858225725,"subadult","f"
53,2014,12,2014-12-01,2014-12-31,"full_month",17,31,31,0.548387096774194,157.355858225725,"subadult","f"
53,2015,1,2015-01-01,2015-01-31,"full_month",30,31,31,0.967741935483871,166.237104325823,"adult","f"
53,2015,2,2015-02-01,2015-02-28,"full_month",11,28,28,0.392857142857143,166.237104325823,"adult","f"
53,2015,3,2015-03-01,2015-03-31,"full_month",1,31,31,0.032258064516129,166.237104325823,"adult","f"
53,2015,4,2015-04-01,2015-04-30,"full_month",0,30,30,0,166.237104325823,"adult","f"
53,2015,5,2015-05-01,2015-05-31,"full_month",3,31,31,0.0967741935483871,166.237104325823,"adult","f"
53,2015,6,2015-06-01,2015-06-30,"full_month",29,30,30,0.966666666666667,166.237104325823,"adult","f"
53,2015,7,2015-07-01,2015-07-31,"full_month",2,31,31,0.0645161290322581,166.237104325823,"adult","f"
53,2015,8,2015-08-01,2015-08-31,"full_month",5,31,31,0.161290322580645,166.237104325823,"adult","f"
53,2015,9,2015-09-01,2015-09-30,"full_month",7,30,30,0.233333333333333,166.237104325823,"adult","f"
53,2015,10,2015-10-01,2015-10-31,"full_month",0,31,31,0,166.237104325823,"adult","f"
53,2015,11,2015-11-01,2015-11-30,"full_month",0,30,30,0,166.237104325823,"adult","f"
53,2015,12,2015-12-01,2015-12-31,"full_month",1,31,31,0.032258064516129,166.237104325823,"adult","f"
53,2016,1,2016-01-01,2016-01-31,"final_detection_month",2,31,5,0.4,174.626276720561,"adult","f"
54,2012,8,2012-08-01,2012-08-31,"tagging_month",0,31,12,0,132,"subadult","m"
54,2012,9,2012-09-01,2012-09-30,"full_month",6,30,30,0.2,132,"subadult","m"
54,2012,10,2012-10-01,2012-10-31,"full_month",3,31,31,0.0967741935483871,132,"subadult","m"
54,2012,11,2012-11-01,2012-11-30,"full_month",0,30,30,0,132,"subadult","m"
54,2012,12,2012-12-01,2012-12-31,"full_month",5,31,31,0.161290322580645,132,"subadult","m"
54,2013,1,2013-01-01,2013-01-31,"full_month",3,31,31,0.0967741935483871,142.286111022105,"subadult","m"
54,2013,2,2013-02-01,2013-02-28,"full_month",2,28,28,0.0714285714285714,142.286111022105,"subadult","m"
54,2013,3,2013-03-01,2013-03-31,"full_month",2,31,31,0.0645161290322581,142.286111022105,"subadult","m"
54,2013,4,2013-04-01,2013-04-30,"full_month",2,30,30,0.0666666666666667,142.286111022105,"subadult","m"
54,2013,5,2013-05-01,2013-05-31,"full_month",6,31,31,0.193548387096774,142.286111022105,"subadult","m"
54,2013,6,2013-06-01,2013-06-30,"full_month",4,30,30,0.133333333333333,142.286111022105,"subadult","m"
54,2013,7,2013-07-01,2013-07-31,"full_month",4,31,31,0.129032258064516,142.286111022105,"subadult","m"
54,2013,8,2013-08-01,2013-08-31,"full_month",1,31,31,0.032258064516129,142.286111022105,"subadult","m"
54,2013,9,2013-09-01,2013-09-30,"final_detection_month",1,30,21,0.0476190476190476,142.286111022105,"subadult","m"
55,2012,8,2012-08-01,2012-08-31,"tagging_month",0,31,10,0,134,"subadult","f"
55,2012,9,2012-09-01,2012-09-30,"full_month",0,30,30,0,134,"subadult","f"
55,2012,10,2012-10-01,2012-10-31,"full_month",5,31,31,0.161290322580645,134,"subadult","f"
55,2012,11,2012-11-01,2012-11-30,"full_month",2,30,30,0.0666666666666667,134,"subadult","f"
55,2012,12,2012-12-01,2012-12-31,"full_month",4,31,31,0.129032258064516,134,"subadult","f"
55,2013,1,2013-01-01,2013-01-31,"full_month",10,31,31,0.32258064516129,144.175299160838,"subadult","f"
55,2013,2,2013-02-01,2013-02-28,"full_month",12,28,28,0.428571428571429,144.175299160838,"subadult","f"
55,2013,3,2013-03-01,2013-03-31,"full_month",20,31,31,0.645161290322581,144.175299160838,"subadult","f"
55,2013,4,2013-04-01,2013-04-30,"full_month",21,30,30,0.7,144.175299160838,"subadult","f"
55,2013,5,2013-05-01,2013-05-31,"full_month",16,31,31,0.516129032258065,144.175299160838,"subadult","f"
55,2013,6,2013-06-01,2013-06-30,"full_month",18,30,30,0.6,144.175299160838,"subadult","f"
55,2013,7,2013-07-01,2013-07-31,"full_month",14,31,31,0.451612903225806,144.175299160838,"subadult","f"
55,2013,8,2013-08-01,2013-08-31,"full_month",7,31,31,0.225806451612903,144.175299160838,"subadult","f"
55,2013,9,2013-09-01,2013-09-30,"full_month",12,30,30,0.4,144.175299160838,"subadult","f"
55,2013,10,2013-10-01,2013-10-31,"full_month",19,31,31,0.612903225806452,144.175299160838,"subadult","f"
55,2013,11,2013-11-01,2013-11-30,"full_month",12,30,30,0.4,144.175299160838,"subadult","f"
55,2013,12,2013-12-01,2013-12-31,"full_month",21,31,31,0.67741935483871,144.175299160838,"subadult","f"
55,2014,1,2014-01-01,2014-01-31,"full_month",29,31,31,0.935483870967742,153.786826402196,"subadult","f"
55,2014,2,2014-02-01,2014-02-28,"full_month",28,28,28,1,153.786826402196,"subadult","f"
55,2014,3,2014-03-01,2014-03-31,"full_month",30,31,31,0.967741935483871,153.786826402196,"subadult","f"
55,2014,4,2014-04-01,2014-04-30,"full_month",30,30,30,1,153.786826402196,"subadult","f"
55,2014,5,2014-05-01,2014-05-31,"full_month",31,31,31,1,153.786826402196,"subadult","f"
55,2014,6,2014-06-01,2014-06-30,"full_month",28,30,30,0.933333333333333,153.786826402196,"subadult","f"
55,2014,7,2014-07-01,2014-07-31,"full_month",20,31,31,0.645161290322581,153.786826402196,"subadult","f"
55,2014,8,2014-08-01,2014-08-31,"full_month",28,31,31,0.903225806451613,153.786826402196,"subadult","f"
55,2014,9,2014-09-01,2014-09-30,"full_month",30,30,30,1,153.786826402196,"subadult","f"
55,2014,10,2014-10-01,2014-10-31,"full_month",31,31,31,1,153.786826402196,"subadult","f"
55,2014,11,2014-11-01,2014-11-30,"full_month",30,30,30,1,153.786826402196,"subadult","f"
55,2014,12,2014-12-01,2014-12-31,"full_month",29,31,31,0.935483870967742,153.786826402196,"subadult","f"
55,2015,1,2015-01-01,2015-01-31,"full_month",31,31,31,1,162.865818031937,"subadult","f"
55,2015,2,2015-02-01,2015-02-28,"full_month",28,28,28,1,162.865818031937,"subadult","f"
55,2015,3,2015-03-01,2015-03-31,"full_month",31,31,31,1,162.865818031937,"subadult","f"
55,2015,4,2015-04-01,2015-04-30,"full_month",30,30,30,1,162.865818031937,"subadult","f"
55,2015,5,2015-05-01,2015-05-31,"full_month",31,31,31,1,162.865818031937,"subadult","f"
55,2015,6,2015-06-01,2015-06-30,"full_month",30,30,30,1,162.865818031937,"subadult","f"
55,2015,7,2015-07-01,2015-07-31,"full_month",31,31,31,1,162.865818031937,"subadult","f"
55,2015,8,2015-08-01,2015-08-31,"full_month",31,31,31,1,162.865818031937,"subadult","f"
55,2015,9,2015-09-01,2015-09-30,"full_month",30,30,30,1,162.865818031937,"subadult","f"
55,2015,10,2015-10-01,2015-10-31,"full_month",31,31,31,1,162.865818031937,"subadult","f"
55,2015,11,2015-11-01,2015-11-30,"full_month",30,30,30,1,162.865818031937,"subadult","f"
55,2015,12,2015-12-01,2015-12-31,"full_month",31,31,31,1,162.865818031937,"subadult","f"
55,2016,1,2016-01-01,2016-01-31,"full_month",31,31,31,1,171.441779681219,"adult","f"
55,2016,2,2016-02-01,2016-02-29,"full_month",29,29,29,1,171.441779681219,"adult","f"
55,2016,3,2016-03-01,2016-03-31,"full_month",31,31,31,1,171.441779681219,"adult","f"
55,2016,4,2016-04-01,2016-04-30,"full_month",30,30,30,1,171.441779681219,"adult","f"
55,2016,5,2016-05-01,2016-05-31,"full_month",31,31,31,1,171.441779681219,"adult","f"
55,2016,6,2016-06-01,2016-06-30,"full_month",30,30,30,1,171.441779681219,"adult","f"
55,2016,7,2016-07-01,2016-07-31,"full_month",31,31,31,1,171.441779681219,"adult","f"
55,2016,8,2016-08-01,2016-08-31,"full_month",31,31,31,1,171.441779681219,"adult","f"
55,2016,9,2016-09-01,2016-09-30,"full_month",30,30,30,1,171.441779681219,"adult","f"
55,2016,10,2016-10-01,2016-10-31,"full_month",31,31,31,1,171.441779681219,"adult","f"
55,2016,11,2016-11-01,2016-11-30,"full_month",30,30,30,1,171.441779681219,"adult","f"
55,2016,12,2016-12-01,2016-12-31,"full_month",31,31,31,1,171.441779681219,"adult","f"
55,2017,1,2017-01-01,2017-01-31,"full_month",31,31,31,1,179.542582194245,"adult","f"
55,2017,2,2017-02-01,2017-02-28,"full_month",28,28,28,1,179.542582194245,"adult","f"
55,2017,3,2017-03-01,2017-03-31,"full_month",31,31,31,1,179.542582194245,"adult","f"
55,2017,4,2017-04-01,2017-04-30,"full_month",30,30,30,1,179.542582194245,"adult","f"
55,2017,5,2017-05-01,2017-05-31,"full_month",31,31,31,1,179.542582194245,"adult","f"
55,2017,6,2017-06-01,2017-06-30,"full_month",30,30,30,1,179.542582194245,"adult","f"
55,2017,7,2017-07-01,2017-07-31,"full_month",30,31,31,0.967741935483871,179.542582194245,"adult","f"
55,2017,8,2017-08-01,2017-08-31,"full_month",30,31,31,0.967741935483871,179.542582194245,"adult","f"
55,2017,9,2017-09-01,2017-09-30,"full_month",30,30,30,1,179.542582194245,"adult","f"
55,2017,10,2017-10-01,2017-10-31,"full_month",31,31,31,1,179.542582194245,"adult","f"
55,2017,11,2017-11-01,2017-11-30,"full_month",30,30,30,1,179.542582194245,"adult","f"
55,2017,12,2017-12-01,2017-12-31,"full_month",31,31,31,1,179.542582194245,"adult","f"
55,2018,1,2018-01-01,2018-01-31,"full_month",31,31,31,1,187.19455220516,"adult","f"
55,2018,2,2018-02-01,2018-02-28,"full_month",28,28,28,1,187.19455220516,"adult","f"
55,2018,3,2018-03-01,2018-03-31,"full_month",31,31,31,1,187.19455220516,"adult","f"
55,2018,4,2018-04-01,2018-04-30,"full_month",30,30,30,1,187.19455220516,"adult","f"
55,2018,5,2018-05-01,2018-05-31,"full_month",31,31,31,1,187.19455220516,"adult","f"
55,2018,6,2018-06-01,2018-06-30,"full_month",29,30,30,0.966666666666667,187.19455220516,"adult","f"
55,2018,7,2018-07-01,2018-07-31,"full_month",31,31,31,1,187.19455220516,"adult","f"
55,2018,8,2018-08-01,2018-08-31,"full_month",31,31,31,1,187.19455220516,"adult","f"
55,2018,9,2018-09-01,2018-09-30,"full_month",30,30,30,1,187.19455220516,"adult","f"
55,2018,10,2018-10-01,2018-10-31,"full_month",30,31,31,0.967741935483871,187.19455220516,"adult","f"
55,2018,11,2018-11-01,2018-11-30,"full_month",29,30,30,0.966666666666667,187.19455220516,"adult","f"
55,2018,12,2018-12-01,2018-12-31,"full_month",31,31,31,1,187.19455220516,"adult","f"
55,2019,1,2019-01-01,2019-01-31,"full_month",17,31,31,0.548387096774194,194.42255769644,"adult","f"
55,2019,2,2019-02-01,2019-02-28,"full_month",17,28,28,0.607142857142857,194.42255769644,"adult","f"
55,2019,3,2019-03-01,2019-03-31,"full_month",26,31,31,0.838709677419355,194.42255769644,"adult","f"
55,2019,4,2019-04-01,2019-04-30,"full_month",24,30,30,0.8,194.42255769644,"adult","f"
55,2019,5,2019-05-01,2019-05-31,"full_month",28,31,31,0.903225806451613,194.42255769644,"adult","f"
55,2019,6,2019-06-01,2019-06-30,"full_month",23,30,30,0.766666666666667,194.42255769644,"adult","f"
55,2019,7,2019-07-01,2019-07-31,"final_detection_month",8,31,20,0.4,194.42255769644,"adult","f"
56,2012,8,2012-08-01,2012-08-31,"tagging_month",4,31,10,0.4,110,"subadult","m"
56,2012,9,2012-09-01,2012-09-30,"full_month",24,30,30,0.8,110,"subadult","m"
56,2012,10,2012-10-01,2012-10-31,"full_month",29,31,31,0.935483870967742,110,"subadult","m"
56,2012,11,2012-11-01,2012-11-30,"full_month",27,30,30,0.9,110,"subadult","m"
56,2012,12,2012-12-01,2012-12-31,"full_month",31,31,31,1,110,"subadult","m"
56,2013,1,2013-01-01,2013-01-31,"full_month",29,31,31,0.935483870967742,121.505041496041,"subadult","m"
56,2013,2,2013-02-01,2013-02-28,"full_month",19,28,28,0.678571428571429,121.505041496041,"subadult","m"
56,2013,3,2013-03-01,2013-03-31,"full_month",10,31,31,0.32258064516129,121.505041496041,"subadult","m"
56,2013,4,2013-04-01,2013-04-30,"full_month",14,30,30,0.466666666666667,121.505041496041,"subadult","m"
56,2013,5,2013-05-01,2013-05-31,"full_month",18,31,31,0.580645161290323,121.505041496041,"subadult","m"
56,2013,6,2013-06-01,2013-06-30,"full_month",18,30,30,0.6,121.505041496041,"subadult","m"
56,2013,7,2013-07-01,2013-07-31,"full_month",25,31,31,0.806451612903226,121.505041496041,"subadult","m"
56,2013,8,2013-08-01,2013-08-31,"full_month",19,31,31,0.612903225806452,121.505041496041,"subadult","m"
56,2013,9,2013-09-01,2013-09-30,"full_month",23,30,30,0.766666666666667,121.505041496041,"subadult","m"
56,2013,10,2013-10-01,2013-10-31,"full_month",27,31,31,0.870967741935484,121.505041496041,"subadult","m"
56,2013,11,2013-11-01,2013-11-30,"full_month",30,30,30,1,121.505041496041,"subadult","m"
56,2013,12,2013-12-01,2013-12-31,"full_month",31,31,31,1,121.505041496041,"subadult","m"
56,2014,1,2014-01-01,2014-01-31,"full_month",31,31,31,1,132.372635461018,"subadult","m"
56,2014,2,2014-02-01,2014-02-28,"full_month",27,28,28,0.964285714285714,132.372635461018,"subadult","m"
56,2014,3,2014-03-01,2014-03-31,"full_month",31,31,31,1,132.372635461018,"subadult","m"
56,2014,4,2014-04-01,2014-04-30,"full_month",30,30,30,1,132.372635461018,"subadult","m"
56,2014,5,2014-05-01,2014-05-31,"full_month",31,31,31,1,132.372635461018,"subadult","m"
56,2014,6,2014-06-01,2014-06-30,"full_month",30,30,30,1,132.372635461018,"subadult","m"
56,2014,7,2014-07-01,2014-07-31,"full_month",31,31,31,1,132.372635461018,"subadult","m"
56,2014,8,2014-08-01,2014-08-31,"full_month",26,31,31,0.838709677419355,132.372635461018,"subadult","m"
56,2014,9,2014-09-01,2014-09-30,"full_month",30,30,30,1,132.372635461018,"subadult","m"
56,2014,10,2014-10-01,2014-10-31,"full_month",31,31,31,1,132.372635461018,"subadult","m"
56,2014,11,2014-11-01,2014-11-30,"full_month",30,30,30,1,132.372635461018,"subadult","m"
56,2014,12,2014-12-01,2014-12-31,"full_month",30,31,31,0.967741935483871,132.372635461018,"subadult","m"
56,2015,1,2015-01-01,2015-01-31,"full_month",30,31,31,0.967741935483871,142.638100268618,"subadult","m"
56,2015,2,2015-02-01,2015-02-28,"full_month",27,28,28,0.964285714285714,142.638100268618,"subadult","m"
56,2015,3,2015-03-01,2015-03-31,"full_month",31,31,31,1,142.638100268618,"subadult","m"
56,2015,4,2015-04-01,2015-04-30,"full_month",30,30,30,1,142.638100268618,"subadult","m"
56,2015,5,2015-05-01,2015-05-31,"full_month",31,31,31,1,142.638100268618,"subadult","m"
56,2015,6,2015-06-01,2015-06-30,"full_month",30,30,30,1,142.638100268618,"subadult","m"
56,2015,7,2015-07-01,2015-07-31,"full_month",31,31,31,1,142.638100268618,"subadult","m"
56,2015,8,2015-08-01,2015-08-31,"full_month",31,31,31,1,142.638100268618,"subadult","m"
56,2015,9,2015-09-01,2015-09-30,"full_month",30,30,30,1,142.638100268618,"subadult","m"
56,2015,10,2015-10-01,2015-10-31,"full_month",31,31,31,1,142.638100268618,"subadult","m"
56,2015,11,2015-11-01,2015-11-30,"full_month",28,30,30,0.933333333333333,142.638100268618,"subadult","m"
56,2015,12,2015-12-01,2015-12-31,"full_month",29,31,31,0.935483870967742,142.638100268618,"subadult","m"
56,2016,1,2016-01-01,2016-01-31,"full_month",30,31,31,0.967741935483871,152.334797445168,"subadult","m"
56,2016,2,2016-02-01,2016-02-29,"full_month",28,29,29,0.96551724137931,152.334797445168,"subadult","m"
56,2016,3,2016-03-01,2016-03-31,"full_month",31,31,31,1,152.334797445168,"subadult","m"
56,2016,4,2016-04-01,2016-04-30,"full_month",28,30,30,0.933333333333333,152.334797445168,"subadult","m"
56,2016,5,2016-05-01,2016-05-31,"full_month",30,31,31,0.967741935483871,152.334797445168,"subadult","m"
56,2016,6,2016-06-01,2016-06-30,"full_month",0,30,30,0,152.334797445168,"subadult","m"
56,2016,7,2016-07-01,2016-07-31,"full_month",0,31,31,0,152.334797445168,"subadult","m"
56,2016,8,2016-08-01,2016-08-31,"full_month",0,31,31,0,152.334797445168,"subadult","m"
56,2016,9,2016-09-01,2016-09-30,"full_month",0,30,30,0,152.334797445168,"subadult","m"
56,2016,10,2016-10-01,2016-10-31,"full_month",0,31,31,0,152.334797445168,"subadult","m"
56,2016,11,2016-11-01,2016-11-30,"full_month",0,30,30,0,152.334797445168,"subadult","m"
56,2016,12,2016-12-01,2016-12-31,"full_month",0,31,31,0,152.334797445168,"subadult","m"
56,2017,1,2017-01-01,2017-01-31,"full_month",0,31,31,0,161.49424009058,"subadult","m"
56,2017,2,2017-02-01,2017-02-28,"full_month",0,28,28,0,161.49424009058,"subadult","m"
56,2017,3,2017-03-01,2017-03-31,"full_month",0,31,31,0,161.49424009058,"subadult","m"
56,2017,4,2017-04-01,2017-04-30,"full_month",0,30,30,0,161.49424009058,"subadult","m"
56,2017,5,2017-05-01,2017-05-31,"full_month",0,31,31,0,161.49424009058,"subadult","m"
56,2017,6,2017-06-01,2017-06-30,"full_month",0,30,30,0,161.49424009058,"subadult","m"
56,2017,7,2017-07-01,2017-07-31,"full_month",0,31,31,0,161.49424009058,"subadult","m"
56,2017,8,2017-08-01,2017-08-31,"full_month",0,31,31,0,161.49424009058,"subadult","m"
56,2017,9,2017-09-01,2017-09-30,"full_month",0,30,30,0,161.49424009058,"subadult","m"
56,2017,10,2017-10-01,2017-10-31,"final_detection_month",0,31,15,0,161.49424009058,"subadult","m"
57,2012,8,2012-08-01,2012-08-31,"tagging_month",7,31,10,0.7,133,"subadult","f"
57,2012,9,2012-09-01,2012-09-30,"full_month",29,30,30,0.966666666666667,133,"subadult","f"
57,2012,10,2012-10-01,2012-10-31,"full_month",30,31,31,0.967741935483871,133,"subadult","f"
57,2012,11,2012-11-01,2012-11-30,"full_month",29,30,30,0.966666666666667,133,"subadult","f"
57,2012,12,2012-12-01,2012-12-31,"full_month",29,31,31,0.935483870967742,133,"subadult","f"
57,2013,1,2013-01-01,2013-01-31,"full_month",30,31,31,0.967741935483871,143.230705091471,"subadult","f"
57,2013,2,2013-02-01,2013-02-28,"full_month",23,28,28,0.821428571428571,143.230705091471,"subadult","f"
57,2013,3,2013-03-01,2013-03-31,"full_month",21,31,31,0.67741935483871,143.230705091471,"subadult","f"
57,2013,4,2013-04-01,2013-04-30,"full_month",30,30,30,1,143.230705091471,"subadult","f"
57,2013,5,2013-05-01,2013-05-31,"full_month",30,31,31,0.967741935483871,143.230705091471,"subadult","f"
57,2013,6,2013-06-01,2013-06-30,"full_month",30,30,30,1,143.230705091471,"subadult","f"
57,2013,7,2013-07-01,2013-07-31,"full_month",30,31,31,0.967741935483871,143.230705091471,"subadult","f"
57,2013,8,2013-08-01,2013-08-31,"full_month",31,31,31,1,143.230705091471,"subadult","f"
57,2013,9,2013-09-01,2013-09-30,"full_month",30,30,30,1,143.230705091471,"subadult","f"
57,2013,10,2013-10-01,2013-10-31,"full_month",31,31,31,1,143.230705091471,"subadult","f"
57,2013,11,2013-11-01,2013-11-30,"full_month",30,30,30,1,143.230705091471,"subadult","f"
57,2013,12,2013-12-01,2013-12-31,"full_month",31,31,31,1,143.230705091471,"subadult","f"
57,2014,1,2014-01-01,2014-01-31,"full_month",31,31,31,1,152.894568446313,"subadult","f"
57,2014,2,2014-02-01,2014-02-28,"full_month",28,28,28,1,152.894568446313,"subadult","f"
57,2014,3,2014-03-01,2014-03-31,"full_month",31,31,31,1,152.894568446313,"subadult","f"
57,2014,4,2014-04-01,2014-04-30,"full_month",30,30,30,1,152.894568446313,"subadult","f"
57,2014,5,2014-05-01,2014-05-31,"full_month",31,31,31,1,152.894568446313,"subadult","f"
57,2014,6,2014-06-01,2014-06-30,"full_month",30,30,30,1,152.894568446313,"subadult","f"
57,2014,7,2014-07-01,2014-07-31,"full_month",31,31,31,1,152.894568446313,"subadult","f"
57,2014,8,2014-08-01,2014-08-31,"full_month",30,31,31,0.967741935483871,152.894568446313,"subadult","f"
57,2014,9,2014-09-01,2014-09-30,"full_month",30,30,30,1,152.894568446313,"subadult","f"
57,2014,10,2014-10-01,2014-10-31,"full_month",31,31,31,1,152.894568446313,"subadult","f"
57,2014,11,2014-11-01,2014-11-30,"full_month",30,30,30,1,152.894568446313,"subadult","f"
57,2014,12,2014-12-01,2014-12-31,"full_month",31,31,31,1,152.894568446313,"subadult","f"
57,2015,1,2015-01-01,2015-01-31,"full_month",31,31,31,1,162.022996458465,"subadult","f"
57,2015,2,2015-02-01,2015-02-28,"full_month",28,28,28,1,162.022996458465,"subadult","f"
57,2015,3,2015-03-01,2015-03-31,"full_month",31,31,31,1,162.022996458465,"subadult","f"
57,2015,4,2015-04-01,2015-04-30,"full_month",30,30,30,1,162.022996458465,"subadult","f"
57,2015,5,2015-05-01,2015-05-31,"full_month",31,31,31,1,162.022996458465,"subadult","f"
57,2015,6,2015-06-01,2015-06-30,"full_month",30,30,30,1,162.022996458465,"subadult","f"
57,2015,7,2015-07-01,2015-07-31,"full_month",31,31,31,1,162.022996458465,"subadult","f"
57,2015,8,2015-08-01,2015-08-31,"full_month",31,31,31,1,162.022996458465,"subadult","f"
57,2015,9,2015-09-01,2015-09-30,"full_month",30,30,30,1,162.022996458465,"subadult","f"
57,2015,10,2015-10-01,2015-10-31,"full_month",31,31,31,1,162.022996458465,"subadult","f"
57,2015,11,2015-11-01,2015-11-30,"full_month",30,30,30,1,162.022996458465,"subadult","f"
57,2015,12,2015-12-01,2015-12-31,"full_month",31,31,31,1,162.022996458465,"subadult","f"
57,2016,1,2016-01-01,2016-01-31,"full_month",31,31,31,1,170.645655421383,"adult","f"
57,2016,2,2016-02-01,2016-02-29,"full_month",29,29,29,1,170.645655421383,"adult","f"
57,2016,3,2016-03-01,2016-03-31,"full_month",31,31,31,1,170.645655421383,"adult","f"
57,2016,4,2016-04-01,2016-04-30,"full_month",30,30,30,1,170.645655421383,"adult","f"
57,2016,5,2016-05-01,2016-05-31,"full_month",31,31,31,1,170.645655421383,"adult","f"
57,2016,6,2016-06-01,2016-06-30,"full_month",25,30,30,0.833333333333333,170.645655421383,"adult","f"
57,2016,7,2016-07-01,2016-07-31,"full_month",30,31,31,0.967741935483871,170.645655421383,"adult","f"
57,2016,8,2016-08-01,2016-08-31,"full_month",19,31,31,0.612903225806452,170.645655421383,"adult","f"
57,2016,9,2016-09-01,2016-09-30,"final_detection_month",5,30,30,0.166666666666667,170.645655421383,"adult","f"
58,2012,8,2012-08-01,2012-08-31,"tagging_month",1,31,7,0.142857142857143,148,"subadult","f"
58,2012,9,2012-09-01,2012-09-30,"full_month",13,30,30,0.433333333333333,148,"subadult","f"
58,2012,10,2012-10-01,2012-10-31,"full_month",18,31,31,0.580645161290323,148,"subadult","f"
58,2012,11,2012-11-01,2012-11-30,"full_month",24,30,30,0.8,148,"subadult","f"
58,2012,12,2012-12-01,2012-12-31,"full_month",21,31,31,0.67741935483871,148,"subadult","f"
58,2013,1,2013-01-01,2013-01-31,"full_month",16,31,31,0.516129032258065,157.399616131969,"subadult","f"
58,2013,2,2013-02-01,2013-02-28,"full_month",19,28,28,0.678571428571429,157.399616131969,"subadult","f"
58,2013,3,2013-03-01,2013-03-31,"full_month",12,31,31,0.387096774193548,157.399616131969,"subadult","f"
58,2013,4,2013-04-01,2013-04-30,"full_month",19,30,30,0.633333333333333,157.399616131969,"subadult","f"
58,2013,5,2013-05-01,2013-05-31,"full_month",14,31,31,0.451612903225806,157.399616131969,"subadult","f"
58,2013,6,2013-06-01,2013-06-30,"full_month",8,30,30,0.266666666666667,157.399616131969,"subadult","f"
58,2013,7,2013-07-01,2013-07-31,"full_month",14,31,31,0.451612903225806,157.399616131969,"subadult","f"
58,2013,8,2013-08-01,2013-08-31,"full_month",12,31,31,0.387096774193548,157.399616131969,"subadult","f"
58,2013,9,2013-09-01,2013-09-30,"full_month",17,30,30,0.566666666666667,157.399616131969,"subadult","f"
58,2013,10,2013-10-01,2013-10-31,"full_month",27,31,31,0.870967741935484,157.399616131969,"subadult","f"
58,2013,11,2013-11-01,2013-11-30,"final_detection_month",3,30,3,1,157.399616131969,"subadult","f"
59,2012,8,2012-08-01,2012-08-31,"tagging_month",0,31,6,0,130,"subadult","f"
59,2012,9,2012-09-01,2012-09-30,"full_month",3,30,30,0.1,130,"subadult","f"
59,2012,10,2012-10-01,2012-10-31,"full_month",6,31,31,0.193548387096774,130,"subadult","f"
59,2012,11,2012-11-01,2012-11-30,"full_month",6,30,30,0.2,130,"subadult","f"
59,2012,12,2012-12-01,2012-12-31,"full_month",9,31,31,0.290322580645161,130,"subadult","f"
59,2013,1,2013-01-01,2013-01-31,"full_month",0,31,31,0,140.396922883372,"subadult","f"
59,2013,2,2013-02-01,2013-02-28,"full_month",2,28,28,0.0714285714285714,140.396922883372,"subadult","f"
59,2013,3,2013-03-01,2013-03-31,"full_month",1,31,31,0.032258064516129,140.396922883372,"subadult","f"
59,2013,4,2013-04-01,2013-04-30,"full_month",0,30,30,0,140.396922883372,"subadult","f"
59,2013,5,2013-05-01,2013-05-31,"full_month",13,31,31,0.419354838709677,140.396922883372,"subadult","f"
59,2013,6,2013-06-01,2013-06-30,"full_month",10,30,30,0.333333333333333,140.396922883372,"subadult","f"
59,2013,7,2013-07-01,2013-07-31,"full_month",10,31,31,0.32258064516129,140.396922883372,"subadult","f"
59,2013,8,2013-08-01,2013-08-31,"full_month",10,31,31,0.32258064516129,140.396922883372,"subadult","f"
59,2013,9,2013-09-01,2013-09-30,"full_month",9,30,30,0.3,140.396922883372,"subadult","f"
59,2013,10,2013-10-01,2013-10-31,"full_month",6,31,31,0.193548387096774,140.396922883372,"subadult","f"
59,2013,11,2013-11-01,2013-11-30,"full_month",5,30,30,0.166666666666667,140.396922883372,"subadult","f"
59,2013,12,2013-12-01,2013-12-31,"full_month",16,31,31,0.516129032258065,140.396922883372,"subadult","f"
59,2014,1,2014-01-01,2014-01-31,"full_month",9,31,31,0.290322580645161,150.217794578666,"subadult","f"
59,2014,2,2014-02-01,2014-02-28,"full_month",16,28,28,0.571428571428571,150.217794578666,"subadult","f"
59,2014,3,2014-03-01,2014-03-31,"full_month",24,31,31,0.774193548387097,150.217794578666,"subadult","f"
59,2014,4,2014-04-01,2014-04-30,"full_month",23,30,30,0.766666666666667,150.217794578666,"subadult","f"
59,2014,5,2014-05-01,2014-05-31,"full_month",24,31,31,0.774193548387097,150.217794578666,"subadult","f"
59,2014,6,2014-06-01,2014-06-30,"full_month",21,30,30,0.7,150.217794578666,"subadult","f"
59,2014,7,2014-07-01,2014-07-31,"full_month",20,31,31,0.645161290322581,150.217794578666,"subadult","f"
59,2014,8,2014-08-01,2014-08-31,"full_month",23,31,31,0.741935483870968,150.217794578666,"subadult","f"
59,2014,9,2014-09-01,2014-09-30,"full_month",30,30,30,1,150.217794578666,"subadult","f"
59,2014,10,2014-10-01,2014-10-31,"full_month",31,31,31,1,150.217794578666,"subadult","f"
59,2014,11,2014-11-01,2014-11-30,"full_month",30,30,30,1,150.217794578666,"subadult","f"
59,2014,12,2014-12-01,2014-12-31,"full_month",30,31,31,0.967741935483871,150.217794578666,"subadult","f"
59,2015,1,2015-01-01,2015-01-31,"full_month",31,31,31,1,159.49453173805,"subadult","f"
59,2015,2,2015-02-01,2015-02-28,"full_month",28,28,28,1,159.49453173805,"subadult","f"
59,2015,3,2015-03-01,2015-03-31,"full_month",31,31,31,1,159.49453173805,"subadult","f"
59,2015,4,2015-04-01,2015-04-30,"full_month",29,30,30,0.966666666666667,159.49453173805,"subadult","f"
59,2015,5,2015-05-01,2015-05-31,"full_month",29,31,31,0.935483870967742,159.49453173805,"subadult","f"
59,2015,6,2015-06-01,2015-06-30,"full_month",30,30,30,1,159.49453173805,"subadult","f"
59,2015,7,2015-07-01,2015-07-31,"full_month",30,31,31,0.967741935483871,159.49453173805,"subadult","f"
59,2015,8,2015-08-01,2015-08-31,"full_month",31,31,31,1,159.49453173805,"subadult","f"
59,2015,9,2015-09-01,2015-09-30,"full_month",30,30,30,1,159.49453173805,"subadult","f"
59,2015,10,2015-10-01,2015-10-31,"full_month",28,31,31,0.903225806451613,159.49453173805,"subadult","f"
59,2015,11,2015-11-01,2015-11-30,"full_month",28,30,30,0.933333333333333,159.49453173805,"subadult","f"
59,2015,12,2015-12-01,2015-12-31,"full_month",30,31,31,0.967741935483871,159.49453173805,"subadult","f"
59,2016,1,2016-01-01,2016-01-31,"full_month",31,31,31,1,168.257282641877,"adult","f"
59,2016,2,2016-02-01,2016-02-29,"full_month",29,29,29,1,168.257282641877,"adult","f"
59,2016,3,2016-03-01,2016-03-31,"full_month",31,31,31,1,168.257282641877,"adult","f"
59,2016,4,2016-04-01,2016-04-30,"full_month",30,30,30,1,168.257282641877,"adult","f"
59,2016,5,2016-05-01,2016-05-31,"full_month",31,31,31,1,168.257282641877,"adult","f"
59,2016,6,2016-06-01,2016-06-30,"full_month",29,30,30,0.966666666666667,168.257282641877,"adult","f"
59,2016,7,2016-07-01,2016-07-31,"full_month",30,31,31,0.967741935483871,168.257282641877,"adult","f"
59,2016,8,2016-08-01,2016-08-31,"full_month",31,31,31,1,168.257282641877,"adult","f"
59,2016,9,2016-09-01,2016-09-30,"full_month",30,30,30,1,168.257282641877,"adult","f"
59,2016,10,2016-10-01,2016-10-31,"full_month",31,31,31,1,168.257282641877,"adult","f"
59,2016,11,2016-11-01,2016-11-30,"full_month",30,30,30,1,168.257282641877,"adult","f"
59,2016,12,2016-12-01,2016-12-31,"full_month",30,31,31,0.967741935483871,168.257282641877,"adult","f"
59,2017,1,2017-01-01,2017-01-31,"full_month",31,31,31,1,176.534525176968,"adult","f"
59,2017,2,2017-02-01,2017-02-28,"full_month",28,28,28,1,176.534525176968,"adult","f"
59,2017,3,2017-03-01,2017-03-31,"full_month",31,31,31,1,176.534525176968,"adult","f"
59,2017,4,2017-04-01,2017-04-30,"full_month",29,30,30,0.966666666666667,176.534525176968,"adult","f"
59,2017,5,2017-05-01,2017-05-31,"full_month",31,31,31,1,176.534525176968,"adult","f"
59,2017,6,2017-06-01,2017-06-30,"full_month",30,30,30,1,176.534525176968,"adult","f"
59,2017,7,2017-07-01,2017-07-31,"full_month",29,31,31,0.935483870967742,176.534525176968,"adult","f"
59,2017,8,2017-08-01,2017-08-31,"full_month",27,31,31,0.870967741935484,176.534525176968,"adult","f"
59,2017,9,2017-09-01,2017-09-30,"full_month",30,30,30,1,176.534525176968,"adult","f"
59,2017,10,2017-10-01,2017-10-31,"full_month",28,31,31,0.903225806451613,176.534525176968,"adult","f"
59,2017,11,2017-11-01,2017-11-30,"full_month",27,30,30,0.9,176.534525176968,"adult","f"
59,2017,12,2017-12-01,2017-12-31,"full_month",30,31,31,0.967741935483871,176.534525176968,"adult","f"
59,2018,1,2018-01-01,2018-01-31,"full_month",30,31,31,0.967741935483871,184.353159386323,"adult","f"
59,2018,2,2018-02-01,2018-02-28,"full_month",28,28,28,1,184.353159386323,"adult","f"
59,2018,3,2018-03-01,2018-03-31,"full_month",31,31,31,1,184.353159386323,"adult","f"
59,2018,4,2018-04-01,2018-04-30,"full_month",29,30,30,0.966666666666667,184.353159386323,"adult","f"
59,2018,5,2018-05-01,2018-05-31,"full_month",31,31,31,1,184.353159386323,"adult","f"
59,2018,6,2018-06-01,2018-06-30,"full_month",29,30,30,0.966666666666667,184.353159386323,"adult","f"
59,2018,7,2018-07-01,2018-07-31,"full_month",25,31,31,0.806451612903226,184.353159386323,"adult","f"
59,2018,8,2018-08-01,2018-08-31,"full_month",29,31,31,0.935483870967742,184.353159386323,"adult","f"
59,2018,9,2018-09-01,2018-09-30,"full_month",24,30,30,0.8,184.353159386323,"adult","f"
59,2018,10,2018-10-01,2018-10-31,"full_month",28,31,31,0.903225806451613,184.353159386323,"adult","f"
59,2018,11,2018-11-01,2018-11-30,"full_month",30,30,30,1,184.353159386323,"adult","f"
59,2018,12,2018-12-01,2018-12-31,"full_month",31,31,31,1,184.353159386323,"adult","f"
59,2019,1,2019-01-01,2019-01-31,"full_month",30,31,31,0.967741935483871,191.738594891026,"adult","f"
59,2019,2,2019-02-01,2019-02-28,"full_month",28,28,28,1,191.738594891026,"adult","f"
59,2019,3,2019-03-01,2019-03-31,"full_month",31,31,31,1,191.738594891026,"adult","f"
59,2019,4,2019-04-01,2019-04-30,"full_month",30,30,30,1,191.738594891026,"adult","f"
59,2019,5,2019-05-01,2019-05-31,"full_month",31,31,31,1,191.738594891026,"adult","f"
59,2019,6,2019-06-01,2019-06-30,"full_month",30,30,30,1,191.738594891026,"adult","f"
59,2019,7,2019-07-01,2019-07-31,"full_month",30,31,31,0.967741935483871,191.738594891026,"adult","f"
59,2019,8,2019-08-01,2019-08-31,"full_month",28,31,31,0.903225806451613,191.738594891026,"adult","f"
59,2019,9,2019-09-01,2019-09-30,"full_month",27,30,30,0.9,191.738594891026,"adult","f"
59,2019,10,2019-10-01,2019-10-31,"full_month",28,31,31,0.903225806451613,191.738594891026,"adult","f"
59,2019,11,2019-11-01,2019-11-30,"full_month",27,30,30,0.9,191.738594891026,"adult","f"
59,2019,12,2019-12-01,2019-12-31,"full_month",26,31,31,0.838709677419355,191.738594891026,"adult","f"
59,2020,1,2020-01-01,2020-01-31,"full_month",27,31,31,0.870967741935484,198.714833468457,"adult","f"
59,2020,2,2020-02-01,2020-02-29,"full_month",26,29,29,0.896551724137931,198.714833468457,"adult","f"
59,2020,3,2020-03-01,2020-03-31,"full_month",24,31,31,0.774193548387097,198.714833468457,"adult","f"
59,2020,4,2020-04-01,2020-04-30,"full_month",16,30,30,0.533333333333333,198.714833468457,"adult","f"
59,2020,5,2020-05-01,2020-05-31,"full_month",18,31,31,0.580645161290323,198.714833468457,"adult","f"
59,2020,6,2020-06-01,2020-06-30,"full_month",26,30,30,0.866666666666667,198.714833468457,"adult","f"
59,2020,7,2020-07-01,2020-07-31,"full_month",26,31,31,0.838709677419355,198.714833468457,"adult","f"
59,2020,8,2020-08-01,2020-08-31,"full_month",29,31,31,0.935483870967742,198.714833468457,"adult","f"
59,2020,9,2020-09-01,2020-09-30,"full_month",19,30,30,0.633333333333333,198.714833468457,"adult","f"
59,2020,10,2020-10-01,2020-10-31,"full_month",21,31,31,0.67741935483871,198.714833468457,"adult","f"
59,2020,11,2020-11-01,2020-11-30,"full_month",21,30,30,0.7,198.714833468457,"adult","f"
59,2020,12,2020-12-01,2020-12-31,"full_month",22,31,31,0.709677419354839,198.714833468457,"adult","f"
59,2021,1,2021-01-01,2021-01-31,"full_month",25,31,31,0.806451612903226,205.304547055185,"adult","f"
59,2021,2,2021-02-01,2021-02-28,"full_month",26,28,28,0.928571428571429,205.304547055185,"adult","f"
59,2021,3,2021-03-01,2021-03-31,"full_month",29,31,31,0.935483870967742,205.304547055185,"adult","f"
59,2021,4,2021-04-01,2021-04-30,"full_month",21,30,30,0.7,205.304547055185,"adult","f"
59,2021,5,2021-05-01,2021-05-31,"full_month",27,31,31,0.870967741935484,205.304547055185,"adult","f"
59,2021,6,2021-06-01,2021-06-30,"full_month",27,30,30,0.9,205.304547055185,"adult","f"
59,2021,7,2021-07-01,2021-07-31,"full_month",27,31,31,0.870967741935484,205.304547055185,"adult","f"
59,2021,8,2021-08-01,2021-08-31,"full_month",26,31,31,0.838709677419355,205.304547055185,"adult","f"
59,2021,9,2021-09-01,2021-09-30,"full_month",23,30,30,0.766666666666667,205.304547055185,"adult","f"
59,2021,10,2021-10-01,2021-10-31,"full_month",26,31,31,0.838709677419355,205.304547055185,"adult","f"
59,2021,11,2021-11-01,2021-11-30,"final_detection_month",23,30,25,0.92,205.304547055185,"adult","f"
60,2012,8,2012-08-01,2012-08-31,"tagging_month",0,31,5,0,125,"subadult","f"
60,2012,9,2012-09-01,2012-09-30,"full_month",30,30,30,1,125,"subadult","f"
60,2012,10,2012-10-01,2012-10-31,"full_month",31,31,31,1,125,"subadult","f"
60,2012,11,2012-11-01,2012-11-30,"full_month",30,30,30,1,125,"subadult","f"
60,2012,12,2012-12-01,2012-12-31,"full_month",31,31,31,1,125,"subadult","f"
60,2013,1,2013-01-01,2013-01-31,"full_month",31,31,31,1,135.673952536539,"subadult","f"
60,2013,2,2013-02-01,2013-02-28,"full_month",28,28,28,1,135.673952536539,"subadult","f"
60,2013,3,2013-03-01,2013-03-31,"full_month",30,31,31,0.967741935483871,135.673952536539,"subadult","f"
60,2013,4,2013-04-01,2013-04-30,"full_month",29,30,30,0.966666666666667,135.673952536539,"subadult","f"
60,2013,5,2013-05-01,2013-05-31,"full_month",31,31,31,1,135.673952536539,"subadult","f"
60,2013,6,2013-06-01,2013-06-30,"full_month",30,30,30,1,135.673952536539,"subadult","f"
60,2013,7,2013-07-01,2013-07-31,"full_month",30,31,31,0.967741935483871,135.673952536539,"subadult","f"
60,2013,8,2013-08-01,2013-08-31,"full_month",31,31,31,1,135.673952536539,"subadult","f"
60,2013,9,2013-09-01,2013-09-30,"full_month",30,30,30,1,135.673952536539,"subadult","f"
60,2013,10,2013-10-01,2013-10-31,"full_month",31,31,31,1,135.673952536539,"subadult","f"
60,2013,11,2013-11-01,2013-11-30,"full_month",30,30,30,1,135.673952536539,"subadult","f"
60,2013,12,2013-12-01,2013-12-31,"full_month",31,31,31,1,135.673952536539,"subadult","f"
60,2014,1,2014-01-01,2014-01-31,"full_month",31,31,31,1,145.756504799254,"subadult","f"
60,2014,2,2014-02-01,2014-02-28,"full_month",28,28,28,1,145.756504799254,"subadult","f"
60,2014,3,2014-03-01,2014-03-31,"full_month",31,31,31,1,145.756504799254,"subadult","f"
60,2014,4,2014-04-01,2014-04-30,"full_month",30,30,30,1,145.756504799254,"subadult","f"
60,2014,5,2014-05-01,2014-05-31,"full_month",31,31,31,1,145.756504799254,"subadult","f"
60,2014,6,2014-06-01,2014-06-30,"full_month",30,30,30,1,145.756504799254,"subadult","f"
60,2014,7,2014-07-01,2014-07-31,"full_month",31,31,31,1,145.756504799254,"subadult","f"
60,2014,8,2014-08-01,2014-08-31,"full_month",31,31,31,1,145.756504799254,"subadult","f"
60,2014,9,2014-09-01,2014-09-30,"full_month",30,30,30,1,145.756504799254,"subadult","f"
60,2014,10,2014-10-01,2014-10-31,"full_month",31,31,31,1,145.756504799254,"subadult","f"
60,2014,11,2014-11-01,2014-11-30,"full_month",29,30,30,0.966666666666667,145.756504799254,"subadult","f"
60,2014,12,2014-12-01,2014-12-31,"full_month",31,31,31,1,145.756504799254,"subadult","f"
60,2015,1,2015-01-01,2015-01-31,"full_month",31,31,31,1,155.280423870692,"subadult","f"
60,2015,2,2015-02-01,2015-02-28,"full_month",27,28,28,0.964285714285714,155.280423870692,"subadult","f"
60,2015,3,2015-03-01,2015-03-31,"full_month",12,31,31,0.387096774193548,155.280423870692,"subadult","f"
60,2015,4,2015-04-01,2015-04-30,"full_month",0,30,30,0,155.280423870692,"subadult","f"
60,2015,5,2015-05-01,2015-05-31,"full_month",0,31,31,0,155.280423870692,"subadult","f"
60,2015,6,2015-06-01,2015-06-30,"full_month",0,30,30,0,155.280423870692,"subadult","f"
60,2015,7,2015-07-01,2015-07-31,"full_month",0,31,31,0,155.280423870692,"subadult","f"
60,2015,8,2015-08-01,2015-08-31,"full_month",0,31,31,0,155.280423870692,"subadult","f"
60,2015,9,2015-09-01,2015-09-30,"full_month",0,30,30,0,155.280423870692,"subadult","f"
60,2015,10,2015-10-01,2015-10-31,"full_month",0,31,31,0,155.280423870692,"subadult","f"
60,2015,11,2015-11-01,2015-11-30,"full_month",0,30,30,0,155.280423870692,"subadult","f"
60,2015,12,2015-12-01,2015-12-31,"full_month",0,31,31,0,155.280423870692,"subadult","f"
60,2016,1,2016-01-01,2016-01-31,"full_month",0,31,31,0,164.2766613427,"subadult","f"
60,2016,2,2016-02-01,2016-02-29,"full_month",0,29,29,0,164.2766613427,"subadult","f"
60,2016,3,2016-03-01,2016-03-31,"full_month",0,31,31,0,164.2766613427,"subadult","f"
60,2016,4,2016-04-01,2016-04-30,"full_month",0,30,30,0,164.2766613427,"subadult","f"
60,2016,5,2016-05-01,2016-05-31,"full_month",0,31,31,0,164.2766613427,"subadult","f"
60,2016,6,2016-06-01,2016-06-30,"full_month",0,30,30,0,164.2766613427,"subadult","f"
60,2016,7,2016-07-01,2016-07-31,"full_month",0,31,31,0,164.2766613427,"subadult","f"
60,2016,8,2016-08-01,2016-08-31,"full_month",0,31,31,0,164.2766613427,"subadult","f"
60,2016,9,2016-09-01,2016-09-30,"full_month",0,30,30,0,164.2766613427,"subadult","f"
60,2016,10,2016-10-01,2016-10-31,"full_month",0,31,31,0,164.2766613427,"subadult","f"
60,2016,11,2016-11-01,2016-11-30,"full_month",0,30,30,0,164.2766613427,"subadult","f"
60,2016,12,2016-12-01,2016-12-31,"full_month",0,31,31,0,164.2766613427,"subadult","f"
60,2017,1,2017-01-01,2017-01-31,"full_month",0,31,31,0,172.774453905371,"adult","f"
60,2017,2,2017-02-01,2017-02-28,"full_month",0,28,28,0,172.774453905371,"adult","f"
60,2017,3,2017-03-01,2017-03-31,"full_month",0,31,31,0,172.774453905371,"adult","f"
60,2017,4,2017-04-01,2017-04-30,"full_month",0,30,30,0,172.774453905371,"adult","f"
60,2017,5,2017-05-01,2017-05-31,"full_month",0,31,31,0,172.774453905371,"adult","f"
60,2017,6,2017-06-01,2017-06-30,"full_month",0,30,30,0,172.774453905371,"adult","f"
60,2017,7,2017-07-01,2017-07-31,"full_month",0,31,31,0,172.774453905371,"adult","f"
60,2017,8,2017-08-01,2017-08-31,"full_month",0,31,31,0,172.774453905371,"adult","f"
60,2017,9,2017-09-01,2017-09-30,"full_month",0,30,30,0,172.774453905371,"adult","f"
60,2017,10,2017-10-01,2017-10-31,"full_month",0,31,31,0,172.774453905371,"adult","f"
60,2017,11,2017-11-01,2017-11-30,"full_month",0,30,30,0,172.774453905371,"adult","f"
60,2017,12,2017-12-01,2017-12-31,"full_month",0,31,31,0,172.774453905371,"adult","f"
60,2018,1,2018-01-01,2018-01-31,"full_month",0,31,31,0,180.801418362777,"adult","f"
60,2018,2,2018-02-01,2018-02-28,"final_detection_month",0,28,25,0,180.801418362777,"adult","f"
61,2012,8,2012-08-01,2012-08-31,"tagging_month",0,31,5,0,163,"subadult","f"
61,2012,9,2012-09-01,2012-09-30,"full_month",0,30,30,0,163,"subadult","f"
61,2012,10,2012-10-01,2012-10-31,"full_month",0,31,31,0,163,"subadult","f"
61,2012,11,2012-11-01,2012-11-30,"full_month",0,30,30,0,163,"subadult","f"
61,2012,12,2012-12-01,2012-12-31,"full_month",27,31,31,0.870967741935484,163,"subadult","f"
61,2013,1,2013-01-01,2013-01-31,"full_month",31,31,31,1,171.568527172467,"adult","f"
61,2013,2,2013-02-01,2013-02-28,"full_month",28,28,28,1,171.568527172467,"adult","f"
61,2013,3,2013-03-01,2013-03-31,"full_month",6,31,31,0.193548387096774,171.568527172467,"adult","f"
61,2013,4,2013-04-01,2013-04-30,"full_month",0,30,30,0,171.568527172467,"adult","f"
61,2013,5,2013-05-01,2013-05-31,"full_month",0,31,31,0,171.568527172467,"adult","f"
61,2013,6,2013-06-01,2013-06-30,"full_month",0,30,30,0,171.568527172467,"adult","f"
61,2013,7,2013-07-01,2013-07-31,"full_month",0,31,31,0,171.568527172467,"adult","f"
61,2013,8,2013-08-01,2013-08-31,"full_month",2,31,31,0.0645161290322581,171.568527172467,"adult","f"
61,2013,9,2013-09-01,2013-09-30,"full_month",0,30,30,0,171.568527172467,"adult","f"
61,2013,10,2013-10-01,2013-10-31,"full_month",1,31,31,0.032258064516129,171.568527172467,"adult","f"
61,2013,11,2013-11-01,2013-11-30,"full_month",7,30,30,0.233333333333333,171.568527172467,"adult","f"
61,2013,12,2013-12-01,2013-12-31,"full_month",30,31,31,0.967741935483871,171.568527172467,"adult","f"
61,2014,1,2014-01-01,2014-01-31,"full_month",30,31,31,0.967741935483871,179.662307122786,"adult","f"
61,2014,2,2014-02-01,2014-02-28,"full_month",19,28,28,0.678571428571429,179.662307122786,"adult","f"
61,2014,3,2014-03-01,2014-03-31,"full_month",0,31,31,0,179.662307122786,"adult","f"
61,2014,4,2014-04-01,2014-04-30,"full_month",0,30,30,0,179.662307122786,"adult","f"
61,2014,5,2014-05-01,2014-05-31,"full_month",0,31,31,0,179.662307122786,"adult","f"
61,2014,6,2014-06-01,2014-06-30,"full_month",2,30,30,0.0666666666666667,179.662307122786,"adult","f"
61,2014,7,2014-07-01,2014-07-31,"full_month",0,31,31,0,179.662307122786,"adult","f"
61,2014,8,2014-08-01,2014-08-31,"full_month",0,31,31,0,179.662307122786,"adult","f"
61,2014,9,2014-09-01,2014-09-30,"full_month",0,30,30,0,179.662307122786,"adult","f"
61,2014,10,2014-10-01,2014-10-31,"full_month",0,31,31,0,179.662307122786,"adult","f"
61,2014,11,2014-11-01,2014-11-30,"full_month",3,30,30,0.1,179.662307122786,"adult","f"
61,2014,12,2014-12-01,2014-12-31,"full_month",20,31,31,0.645161290322581,179.662307122786,"adult","f"
61,2015,1,2015-01-01,2015-01-31,"full_month",14,31,31,0.451612903225806,187.307643662614,"adult","f"
61,2015,2,2015-02-01,2015-02-28,"full_month",0,28,28,0,187.307643662614,"adult","f"
61,2015,3,2015-03-01,2015-03-31,"full_month",0,31,31,0,187.307643662614,"adult","f"
61,2015,4,2015-04-01,2015-04-30,"full_month",0,30,30,0,187.307643662614,"adult","f"
61,2015,5,2015-05-01,2015-05-31,"full_month",0,31,31,0,187.307643662614,"adult","f"
61,2015,6,2015-06-01,2015-06-30,"full_month",0,30,30,0,187.307643662614,"adult","f"
61,2015,7,2015-07-01,2015-07-31,"full_month",1,31,31,0.032258064516129,187.307643662614,"adult","f"
61,2015,8,2015-08-01,2015-08-31,"full_month",0,31,31,0,187.307643662614,"adult","f"
61,2015,9,2015-09-01,2015-09-30,"full_month",0,30,30,0,187.307643662614,"adult","f"
61,2015,10,2015-10-01,2015-10-31,"full_month",12,31,31,0.387096774193548,187.307643662614,"adult","f"
61,2015,11,2015-11-01,2015-11-30,"full_month",3,30,30,0.1,187.307643662614,"adult","f"
61,2015,12,2015-12-01,2015-12-31,"full_month",0,31,31,0,187.307643662614,"adult","f"
61,2016,1,2016-01-01,2016-01-31,"full_month",0,31,31,0,194.529383216447,"adult","f"
61,2016,2,2016-02-01,2016-02-29,"full_month",0,29,29,0,194.529383216447,"adult","f"
61,2016,3,2016-03-01,2016-03-31,"full_month",0,31,31,0,194.529383216447,"adult","f"
61,2016,4,2016-04-01,2016-04-30,"full_month",0,30,30,0,194.529383216447,"adult","f"
61,2016,5,2016-05-01,2016-05-31,"full_month",0,31,31,0,194.529383216447,"adult","f"
61,2016,6,2016-06-01,2016-06-30,"full_month",3,30,30,0.1,194.529383216447,"adult","f"
61,2016,7,2016-07-01,2016-07-31,"full_month",0,31,31,0,194.529383216447,"adult","f"
61,2016,8,2016-08-01,2016-08-31,"full_month",4,31,31,0.129032258064516,194.529383216447,"adult","f"
61,2016,9,2016-09-01,2016-09-30,"full_month",0,30,30,0,194.529383216447,"adult","f"
61,2016,10,2016-10-01,2016-10-31,"full_month",0,31,31,0,194.529383216447,"adult","f"
61,2016,11,2016-11-01,2016-11-30,"full_month",6,30,30,0.2,194.529383216447,"adult","f"
61,2016,12,2016-12-01,2016-12-31,"full_month",7,31,31,0.225806451612903,194.529383216447,"adult","f"
61,2017,1,2017-01-01,2017-01-31,"full_month",0,31,31,0,201.350995569508,"adult","f"
61,2017,2,2017-02-01,2017-02-28,"full_month",0,28,28,0,201.350995569508,"adult","f"
61,2017,3,2017-03-01,2017-03-31,"full_month",0,31,31,0,201.350995569508,"adult","f"
61,2017,4,2017-04-01,2017-04-30,"full_month",0,30,30,0,201.350995569508,"adult","f"
61,2017,5,2017-05-01,2017-05-31,"full_month",1,31,31,0.032258064516129,201.350995569508,"adult","f"
61,2017,6,2017-06-01,2017-06-30,"full_month",1,30,30,0.0333333333333333,201.350995569508,"adult","f"
61,2017,7,2017-07-01,2017-07-31,"full_month",1,31,31,0.032258064516129,201.350995569508,"adult","f"
61,2017,8,2017-08-01,2017-08-31,"full_month",0,31,31,0,201.350995569508,"adult","f"
61,2017,9,2017-09-01,2017-09-30,"full_month",0,30,30,0,201.350995569508,"adult","f"
61,2017,10,2017-10-01,2017-10-31,"full_month",4,31,31,0.129032258064516,201.350995569508,"adult","f"
61,2017,11,2017-11-01,2017-11-30,"full_month",16,30,30,0.533333333333333,201.350995569508,"adult","f"
61,2017,12,2017-12-01,2017-12-31,"full_month",3,31,31,0.0967741935483871,201.350995569508,"adult","f"
61,2018,1,2018-01-01,2018-01-31,"full_month",0,31,31,0,207.794650141726,"adult","f"
61,2018,2,2018-02-01,2018-02-28,"full_month",0,28,28,0,207.794650141726,"adult","f"
61,2018,3,2018-03-01,2018-03-31,"full_month",0,31,31,0,207.794650141726,"adult","f"
61,2018,4,2018-04-01,2018-04-30,"full_month",0,30,30,0,207.794650141726,"adult","f"
61,2018,5,2018-05-01,2018-05-31,"full_month",0,31,31,0,207.794650141726,"adult","f"
61,2018,6,2018-06-01,2018-06-30,"full_month",0,30,30,0,207.794650141726,"adult","f"
61,2018,7,2018-07-01,2018-07-31,"full_month",0,31,31,0,207.794650141726,"adult","f"
61,2018,8,2018-08-01,2018-08-31,"full_month",0,31,31,0,207.794650141726,"adult","f"
61,2018,9,2018-09-01,2018-09-30,"full_month",0,30,30,0,207.794650141726,"adult","f"
61,2018,10,2018-10-01,2018-10-31,"full_month",0,31,31,0,207.794650141726,"adult","f"
61,2018,11,2018-11-01,2018-11-30,"full_month",0,30,30,0,207.794650141726,"adult","f"
61,2018,12,2018-12-01,2018-12-31,"full_month",1,31,31,0.032258064516129,207.794650141726,"adult","f"
61,2019,1,2019-01-01,2019-01-31,"full_month",0,31,31,0,213.88128803569,"adult","f"
61,2019,2,2019-02-01,2019-02-28,"full_month",0,28,28,0,213.88128803569,"adult","f"
61,2019,3,2019-03-01,2019-03-31,"full_month",0,31,31,0,213.88128803569,"adult","f"
61,2019,4,2019-04-01,2019-04-30,"full_month",0,30,30,0,213.88128803569,"adult","f"
61,2019,5,2019-05-01,2019-05-31,"full_month",0,31,31,0,213.88128803569,"adult","f"
61,2019,6,2019-06-01,2019-06-30,"full_month",3,30,30,0.1,213.88128803569,"adult","f"
61,2019,7,2019-07-01,2019-07-31,"full_month",0,31,31,0,213.88128803569,"adult","f"
61,2019,8,2019-08-01,2019-08-31,"full_month",0,31,31,0,213.88128803569,"adult","f"
61,2019,9,2019-09-01,2019-09-30,"full_month",4,30,30,0.133333333333333,213.88128803569,"adult","f"
61,2019,10,2019-10-01,2019-10-31,"final_detection_month",4,31,20,0.2,213.88128803569,"adult","f"
62,2012,8,2012-08-01,2012-08-31,"tagging_month",2,31,4,0.5,148,"subadult","f"
62,2012,9,2012-09-01,2012-09-30,"full_month",30,30,30,1,148,"subadult","f"
62,2012,10,2012-10-01,2012-10-31,"full_month",30,31,31,0.967741935483871,148,"subadult","f"
62,2012,11,2012-11-01,2012-11-30,"full_month",29,30,30,0.966666666666667,148,"subadult","f"
62,2012,12,2012-12-01,2012-12-31,"full_month",30,31,31,0.967741935483871,148,"subadult","f"
62,2013,1,2013-01-01,2013-01-31,"full_month",27,31,31,0.870967741935484,157.399616131969,"subadult","f"
62,2013,2,2013-02-01,2013-02-28,"full_month",26,28,28,0.928571428571429,157.399616131969,"subadult","f"
62,2013,3,2013-03-01,2013-03-31,"full_month",26,31,31,0.838709677419355,157.399616131969,"subadult","f"
62,2013,4,2013-04-01,2013-04-30,"full_month",29,30,30,0.966666666666667,157.399616131969,"subadult","f"
62,2013,5,2013-05-01,2013-05-31,"full_month",31,31,31,1,157.399616131969,"subadult","f"
62,2013,6,2013-06-01,2013-06-30,"full_month",27,30,30,0.9,157.399616131969,"subadult","f"
62,2013,7,2013-07-01,2013-07-31,"full_month",31,31,31,1,157.399616131969,"subadult","f"
62,2013,8,2013-08-01,2013-08-31,"full_month",31,31,31,1,157.399616131969,"subadult","f"
62,2013,9,2013-09-01,2013-09-30,"full_month",30,30,30,1,157.399616131969,"subadult","f"
62,2013,10,2013-10-01,2013-10-31,"full_month",31,31,31,1,157.399616131969,"subadult","f"
62,2013,11,2013-11-01,2013-11-30,"full_month",30,30,30,1,157.399616131969,"subadult","f"
62,2013,12,2013-12-01,2013-12-31,"full_month",30,31,31,0.967741935483871,157.399616131969,"subadult","f"
62,2014,1,2014-01-01,2014-01-31,"full_month",31,31,31,1,166.278437784549,"adult","f"
62,2014,2,2014-02-01,2014-02-28,"full_month",28,28,28,1,166.278437784549,"adult","f"
62,2014,3,2014-03-01,2014-03-31,"full_month",31,31,31,1,166.278437784549,"adult","f"
62,2014,4,2014-04-01,2014-04-30,"full_month",30,30,30,1,166.278437784549,"adult","f"
62,2014,5,2014-05-01,2014-05-31,"full_month",31,31,31,1,166.278437784549,"adult","f"
62,2014,6,2014-06-01,2014-06-30,"full_month",30,30,30,1,166.278437784549,"adult","f"
62,2014,7,2014-07-01,2014-07-31,"full_month",31,31,31,1,166.278437784549,"adult","f"
62,2014,8,2014-08-01,2014-08-31,"full_month",31,31,31,1,166.278437784549,"adult","f"
62,2014,9,2014-09-01,2014-09-30,"full_month",29,30,30,0.966666666666667,166.278437784549,"adult","f"
62,2014,10,2014-10-01,2014-10-31,"full_month",31,31,31,1,166.278437784549,"adult","f"
62,2014,11,2014-11-01,2014-11-30,"full_month",30,30,30,1,166.278437784549,"adult","f"
62,2014,12,2014-12-01,2014-12-31,"full_month",31,31,31,1,166.278437784549,"adult","f"
62,2015,1,2015-01-01,2015-01-31,"full_month",30,31,31,0.967741935483871,174.66532006054,"adult","f"
62,2015,2,2015-02-01,2015-02-28,"full_month",5,28,28,0.178571428571429,174.66532006054,"adult","f"
62,2015,3,2015-03-01,2015-03-31,"full_month",0,31,31,0,174.66532006054,"adult","f"
62,2015,4,2015-04-01,2015-04-30,"full_month",0,30,30,0,174.66532006054,"adult","f"
62,2015,5,2015-05-01,2015-05-31,"full_month",0,31,31,0,174.66532006054,"adult","f"
62,2015,6,2015-06-01,2015-06-30,"full_month",0,30,30,0,174.66532006054,"adult","f"
62,2015,7,2015-07-01,2015-07-31,"full_month",0,31,31,0,174.66532006054,"adult","f"
62,2015,8,2015-08-01,2015-08-31,"full_month",0,31,31,0,174.66532006054,"adult","f"
62,2015,9,2015-09-01,2015-09-30,"full_month",0,30,30,0,174.66532006054,"adult","f"
62,2015,10,2015-10-01,2015-10-31,"full_month",0,31,31,0,174.66532006054,"adult","f"
62,2015,11,2015-11-01,2015-11-30,"full_month",23,30,30,0.766666666666667,174.66532006054,"adult","f"
62,2015,12,2015-12-01,2015-12-31,"full_month",1,31,31,0.032258064516129,174.66532006054,"adult","f"
62,2016,1,2016-01-01,2016-01-31,"full_month",0,31,31,0,182.587519318915,"adult","f"
62,2016,2,2016-02-01,2016-02-29,"full_month",0,29,29,0,182.587519318915,"adult","f"
62,2016,3,2016-03-01,2016-03-31,"full_month",0,31,31,0,182.587519318915,"adult","f"
62,2016,4,2016-04-01,2016-04-30,"full_month",0,30,30,0,182.587519318915,"adult","f"
62,2016,5,2016-05-01,2016-05-31,"full_month",0,31,31,0,182.587519318915,"adult","f"
62,2016,6,2016-06-01,2016-06-30,"full_month",0,30,30,0,182.587519318915,"adult","f"
62,2016,7,2016-07-01,2016-07-31,"full_month",0,31,31,0,182.587519318915,"adult","f"
62,2016,8,2016-08-01,2016-08-31,"full_month",0,31,31,0,182.587519318915,"adult","f"
62,2016,9,2016-09-01,2016-09-30,"full_month",0,30,30,0,182.587519318915,"adult","f"
62,2016,10,2016-10-01,2016-10-31,"full_month",0,31,31,0,182.587519318915,"adult","f"
62,2016,11,2016-11-01,2016-11-30,"full_month",0,30,30,0,182.587519318915,"adult","f"
62,2016,12,2016-12-01,2016-12-31,"full_month",0,31,31,0,182.587519318915,"adult","f"
62,2017,1,2017-01-01,2017-01-31,"full_month",0,31,31,0,190.070781754717,"adult","f"
62,2017,2,2017-02-01,2017-02-28,"full_month",0,28,28,0,190.070781754717,"adult","f"
62,2017,3,2017-03-01,2017-03-31,"full_month",0,31,31,0,190.070781754717,"adult","f"
62,2017,4,2017-04-01,2017-04-30,"full_month",0,30,30,0,190.070781754717,"adult","f"
62,2017,5,2017-05-01,2017-05-31,"full_month",0,31,31,0,190.070781754717,"adult","f"
62,2017,6,2017-06-01,2017-06-30,"full_month",0,30,30,0,190.070781754717,"adult","f"
62,2017,7,2017-07-01,2017-07-31,"full_month",0,31,31,0,190.070781754717,"adult","f"
62,2017,8,2017-08-01,2017-08-31,"full_month",0,31,31,0,190.070781754717,"adult","f"
62,2017,9,2017-09-01,2017-09-30,"full_month",0,30,30,0,190.070781754717,"adult","f"
62,2017,10,2017-10-01,2017-10-31,"full_month",0,31,31,0,190.070781754717,"adult","f"
62,2017,11,2017-11-01,2017-11-30,"full_month",0,30,30,0,190.070781754717,"adult","f"
62,2017,12,2017-12-01,2017-12-31,"final_detection_month",11,31,12,0.916666666666667,190.070781754717,"adult","f"
63,2012,11,2012-11-01,2012-11-30,"tagging_month",10,30,14,0.714285714285714,185,"adult","m"
63,2012,12,2012-12-01,2012-12-31,"full_month",7,31,31,0.225806451612903,185,"adult","m"
63,2013,1,2013-01-01,2013-01-31,"final_detection_month",5,31,30,0.166666666666667,192.349596698531,"adult","m"
66,2012,12,2012-12-01,2012-12-31,"tagging_month",1,31,31,0.032258064516129,138,"subadult","f"
66,2013,1,2013-01-01,2013-01-31,"full_month",1,31,31,0.032258064516129,147.953675438304,"subadult","f"
66,2013,2,2013-02-01,2013-02-28,"full_month",0,28,28,0,147.953675438304,"subadult","f"
66,2013,3,2013-03-01,2013-03-31,"full_month",3,31,31,0.0967741935483871,147.953675438304,"subadult","f"
66,2013,4,2013-04-01,2013-04-30,"full_month",1,30,30,0.0333333333333333,147.953675438304,"subadult","f"
66,2013,5,2013-05-01,2013-05-31,"full_month",2,31,31,0.0645161290322581,147.953675438304,"subadult","f"
66,2013,6,2013-06-01,2013-06-30,"full_month",0,30,30,0,147.953675438304,"subadult","f"
66,2013,7,2013-07-01,2013-07-31,"full_month",0,31,31,0,147.953675438304,"subadult","f"
66,2013,8,2013-08-01,2013-08-31,"full_month",1,31,31,0.032258064516129,147.953675438304,"subadult","f"
66,2013,9,2013-09-01,2013-09-30,"full_month",4,30,30,0.133333333333333,147.953675438304,"subadult","f"
66,2013,10,2013-10-01,2013-10-31,"full_month",0,31,31,0,147.953675438304,"subadult","f"
66,2013,11,2013-11-01,2013-11-30,"full_month",3,30,30,0.1,147.953675438304,"subadult","f"
66,2013,12,2013-12-01,2013-12-31,"full_month",11,31,31,0.354838709677419,147.953675438304,"subadult","f"
66,2014,1,2014-01-01,2014-01-31,"full_month",19,31,31,0.612903225806452,157.355858225725,"subadult","f"
66,2014,2,2014-02-01,2014-02-28,"full_month",18,28,28,0.642857142857143,157.355858225725,"subadult","f"
66,2014,3,2014-03-01,2014-03-31,"full_month",13,31,31,0.419354838709677,157.355858225725,"subadult","f"
66,2014,4,2014-04-01,2014-04-30,"full_month",15,30,30,0.5,157.355858225725,"subadult","f"
66,2014,5,2014-05-01,2014-05-31,"full_month",18,31,31,0.580645161290323,157.355858225725,"subadult","f"
66,2014,6,2014-06-01,2014-06-30,"full_month",18,30,30,0.6,157.355858225725,"subadult","f"
66,2014,7,2014-07-01,2014-07-31,"full_month",26,31,31,0.838709677419355,157.355858225725,"subadult","f"
66,2014,8,2014-08-01,2014-08-31,"full_month",21,31,31,0.67741935483871,157.355858225725,"subadult","f"
66,2014,9,2014-09-01,2014-09-30,"full_month",28,30,30,0.933333333333333,157.355858225725,"subadult","f"
66,2014,10,2014-10-01,2014-10-31,"full_month",30,31,31,0.967741935483871,157.355858225725,"subadult","f"
66,2014,11,2014-11-01,2014-11-30,"full_month",30,30,30,1,157.355858225725,"subadult","f"
66,2014,12,2014-12-01,2014-12-31,"full_month",31,31,31,1,157.355858225725,"subadult","f"
66,2015,1,2015-01-01,2015-01-31,"full_month",29,31,31,0.935483870967742,166.237104325823,"adult","f"
66,2015,2,2015-02-01,2015-02-28,"full_month",27,28,28,0.964285714285714,166.237104325823,"adult","f"
66,2015,3,2015-03-01,2015-03-31,"full_month",31,31,31,1,166.237104325823,"adult","f"
66,2015,4,2015-04-01,2015-04-30,"full_month",30,30,30,1,166.237104325823,"adult","f"
66,2015,5,2015-05-01,2015-05-31,"full_month",30,31,31,0.967741935483871,166.237104325823,"adult","f"
66,2015,6,2015-06-01,2015-06-30,"full_month",27,30,30,0.9,166.237104325823,"adult","f"
66,2015,7,2015-07-01,2015-07-31,"full_month",29,31,31,0.935483870967742,166.237104325823,"adult","f"
66,2015,8,2015-08-01,2015-08-31,"full_month",27,31,31,0.870967741935484,166.237104325823,"adult","f"
66,2015,9,2015-09-01,2015-09-30,"full_month",27,30,30,0.9,166.237104325823,"adult","f"
66,2015,10,2015-10-01,2015-10-31,"full_month",27,31,31,0.870967741935484,166.237104325823,"adult","f"
66,2015,11,2015-11-01,2015-11-30,"full_month",29,30,30,0.966666666666667,166.237104325823,"adult","f"
66,2015,12,2015-12-01,2015-12-31,"full_month",31,31,31,1,166.237104325823,"adult","f"
66,2016,1,2016-01-01,2016-01-31,"full_month",31,31,31,1,174.626276720561,"adult","f"
66,2016,2,2016-02-01,2016-02-29,"full_month",29,29,29,1,174.626276720561,"adult","f"
66,2016,3,2016-03-01,2016-03-31,"full_month",29,31,31,0.935483870967742,174.626276720561,"adult","f"
66,2016,4,2016-04-01,2016-04-30,"full_month",28,30,30,0.933333333333333,174.626276720561,"adult","f"
66,2016,5,2016-05-01,2016-05-31,"full_month",26,31,31,0.838709677419355,174.626276720561,"adult","f"
66,2016,6,2016-06-01,2016-06-30,"full_month",18,30,30,0.6,174.626276720561,"adult","f"
66,2016,7,2016-07-01,2016-07-31,"full_month",11,31,31,0.354838709677419,174.626276720561,"adult","f"
66,2016,8,2016-08-01,2016-08-31,"full_month",8,31,31,0.258064516129032,174.626276720561,"adult","f"
66,2016,9,2016-09-01,2016-09-30,"full_month",6,30,30,0.2,174.626276720561,"adult","f"
66,2016,10,2016-10-01,2016-10-31,"full_month",2,31,31,0.0645161290322581,174.626276720561,"adult","f"
66,2016,11,2016-11-01,2016-11-30,"full_month",7,30,30,0.233333333333333,174.626276720561,"adult","f"
66,2016,12,2016-12-01,2016-12-31,"full_month",29,31,31,0.935483870967742,174.626276720561,"adult","f"
66,2017,1,2017-01-01,2017-01-31,"final_detection_month",18,31,19,0.947368421052632,182.550639211523,"adult","f"
67,2012,11,2012-11-01,2012-11-30,"tagging_month",2,30,2,1,144,"subadult","m"
67,2012,12,2012-12-01,2012-12-31,"final_detection_month",9,31,20,0.45,144,"subadult","m"
68,2012,11,2012-11-01,2012-11-30,"tagging_month",1,30,2,0.5,153,"subadult","m"
68,2012,12,2012-12-01,2012-12-31,"full_month",2,31,31,0.0645161290322581,153,"subadult","m"
68,2013,1,2013-01-01,2013-01-31,"full_month",1,31,31,0.032258064516129,162.122586478802,"subadult","m"
68,2013,2,2013-02-01,2013-02-28,"full_month",1,28,28,0.0357142857142857,162.122586478802,"subadult","m"
68,2013,3,2013-03-01,2013-03-31,"final_detection_month",1,31,20,0.05,162.122586478802,"subadult","m"
69,2012,11,2012-11-01,2012-11-30,"tagging_month",1,30,3,0.333333333333333,147,"subadult","m"
69,2012,12,2012-12-01,2012-12-31,"full_month",31,31,31,1,147,"subadult","m"
69,2013,1,2013-01-01,2013-01-31,"full_month",30,31,31,0.967741935483871,156.455022062603,"subadult","m"
69,2013,2,2013-02-01,2013-02-28,"full_month",28,28,28,1,156.455022062603,"subadult","m"
69,2013,3,2013-03-01,2013-03-31,"full_month",27,31,31,0.870967741935484,156.455022062603,"subadult","m"
69,2013,4,2013-04-01,2013-04-30,"full_month",30,30,30,1,156.455022062603,"subadult","m"
69,2013,5,2013-05-01,2013-05-31,"full_month",31,31,31,1,156.455022062603,"subadult","m"
69,2013,6,2013-06-01,2013-06-30,"full_month",30,30,30,1,156.455022062603,"subadult","m"
69,2013,7,2013-07-01,2013-07-31,"full_month",30,31,31,0.967741935483871,156.455022062603,"subadult","m"
69,2013,8,2013-08-01,2013-08-31,"full_month",0,31,31,0,156.455022062603,"subadult","m"
69,2013,9,2013-09-01,2013-09-30,"full_month",2,30,30,0.0666666666666667,156.455022062603,"subadult","m"
69,2013,10,2013-10-01,2013-10-31,"full_month",0,31,31,0,156.455022062603,"subadult","m"
69,2013,11,2013-11-01,2013-11-30,"full_month",2,30,30,0.0666666666666667,156.455022062603,"subadult","m"
69,2013,12,2013-12-01,2013-12-31,"full_month",2,31,31,0.0645161290322581,156.455022062603,"subadult","m"
69,2014,1,2014-01-01,2014-01-31,"full_month",0,31,31,0,165.386179828667,"subadult","m"
69,2014,2,2014-02-01,2014-02-28,"full_month",0,28,28,0,165.386179828667,"subadult","m"
69,2014,3,2014-03-01,2014-03-31,"full_month",0,31,31,0,165.386179828667,"subadult","m"
69,2014,4,2014-04-01,2014-04-30,"full_month",0,30,30,0,165.386179828667,"subadult","m"
69,2014,5,2014-05-01,2014-05-31,"full_month",0,31,31,0,165.386179828667,"subadult","m"
69,2014,6,2014-06-01,2014-06-30,"full_month",0,30,30,0,165.386179828667,"subadult","m"
69,2014,7,2014-07-01,2014-07-31,"full_month",0,31,31,0,165.386179828667,"subadult","m"
69,2014,8,2014-08-01,2014-08-31,"full_month",0,31,31,0,165.386179828667,"subadult","m"
69,2014,9,2014-09-01,2014-09-30,"full_month",0,30,30,0,165.386179828667,"subadult","m"
69,2014,10,2014-10-01,2014-10-31,"full_month",0,31,31,0,165.386179828667,"subadult","m"
69,2014,11,2014-11-01,2014-11-30,"full_month",0,30,30,0,165.386179828667,"subadult","m"
69,2014,12,2014-12-01,2014-12-31,"full_month",0,31,31,0,165.386179828667,"subadult","m"
69,2015,1,2015-01-01,2015-01-31,"full_month",0,31,31,0,173.822498487068,"adult","m"
69,2015,2,2015-02-01,2015-02-28,"full_month",0,28,28,0,173.822498487068,"adult","m"
69,2015,3,2015-03-01,2015-03-31,"full_month",0,31,31,0,173.822498487068,"adult","m"
69,2015,4,2015-04-01,2015-04-30,"full_month",0,30,30,0,173.822498487068,"adult","m"
69,2015,5,2015-05-01,2015-05-31,"full_month",0,31,31,0,173.822498487068,"adult","m"
69,2015,6,2015-06-01,2015-06-30,"full_month",0,30,30,0,173.822498487068,"adult","m"
69,2015,7,2015-07-01,2015-07-31,"full_month",0,31,31,0,173.822498487068,"adult","m"
69,2015,8,2015-08-01,2015-08-31,"full_month",0,31,31,0,173.822498487068,"adult","m"
69,2015,9,2015-09-01,2015-09-30,"full_month",0,30,30,0,173.822498487068,"adult","m"
69,2015,10,2015-10-01,2015-10-31,"full_month",0,31,31,0,173.822498487068,"adult","m"
69,2015,11,2015-11-01,2015-11-30,"full_month",0,30,30,0,173.822498487068,"adult","m"
69,2015,12,2015-12-01,2015-12-31,"full_month",0,31,31,0,173.822498487068,"adult","m"
69,2016,1,2016-01-01,2016-01-31,"full_month",0,31,31,0,181.79139505908,"adult","m"
69,2016,2,2016-02-01,2016-02-29,"full_month",0,29,29,0,181.79139505908,"adult","m"
69,2016,3,2016-03-01,2016-03-31,"full_month",0,31,31,0,181.79139505908,"adult","m"
69,2016,4,2016-04-01,2016-04-30,"full_month",0,30,30,0,181.79139505908,"adult","m"
69,2016,5,2016-05-01,2016-05-31,"full_month",0,31,31,0,181.79139505908,"adult","m"
69,2016,6,2016-06-01,2016-06-30,"full_month",0,30,30,0,181.79139505908,"adult","m"
69,2016,7,2016-07-01,2016-07-31,"full_month",0,31,31,0,181.79139505908,"adult","m"
69,2016,8,2016-08-01,2016-08-31,"full_month",0,31,31,0,181.79139505908,"adult","m"
69,2016,9,2016-09-01,2016-09-30,"full_month",0,30,30,0,181.79139505908,"adult","m"
69,2016,10,2016-10-01,2016-10-31,"full_month",0,31,31,0,181.79139505908,"adult","m"
69,2016,11,2016-11-01,2016-11-30,"full_month",0,30,30,0,181.79139505908,"adult","m"
69,2016,12,2016-12-01,2016-12-31,"full_month",0,31,31,0,181.79139505908,"adult","m"
69,2017,1,2017-01-01,2017-01-31,"full_month",0,31,31,0,189.318767500397,"adult","m"
69,2017,2,2017-02-01,2017-02-28,"full_month",0,28,28,0,189.318767500397,"adult","m"
69,2017,3,2017-03-01,2017-03-31,"full_month",0,31,31,0,189.318767500397,"adult","m"
69,2017,4,2017-04-01,2017-04-30,"full_month",0,30,30,0,189.318767500397,"adult","m"
69,2017,5,2017-05-01,2017-05-31,"full_month",0,31,31,0,189.318767500397,"adult","m"
69,2017,6,2017-06-01,2017-06-30,"full_month",0,30,30,0,189.318767500397,"adult","m"
69,2017,7,2017-07-01,2017-07-31,"full_month",0,31,31,0,189.318767500397,"adult","m"
69,2017,8,2017-08-01,2017-08-31,"full_month",0,31,31,0,189.318767500397,"adult","m"
69,2017,9,2017-09-01,2017-09-30,"full_month",0,30,30,0,189.318767500397,"adult","m"
69,2017,10,2017-10-01,2017-10-31,"full_month",0,31,31,0,189.318767500397,"adult","m"
69,2017,11,2017-11-01,2017-11-30,"full_month",3,30,30,0.1,189.318767500397,"adult","m"
69,2017,12,2017-12-01,2017-12-31,"full_month",2,31,31,0.0645161290322581,189.318767500397,"adult","m"
69,2018,1,2018-01-01,2018-01-31,"full_month",0,31,31,0,196.429078866379,"adult","m"
69,2018,2,2018-02-01,2018-02-28,"full_month",0,28,28,0,196.429078866379,"adult","m"
69,2018,3,2018-03-01,2018-03-31,"full_month",0,31,31,0,196.429078866379,"adult","m"
69,2018,4,2018-04-01,2018-04-30,"full_month",0,30,30,0,196.429078866379,"adult","m"
69,2018,5,2018-05-01,2018-05-31,"full_month",0,31,31,0,196.429078866379,"adult","m"
69,2018,6,2018-06-01,2018-06-30,"full_month",0,30,30,0,196.429078866379,"adult","m"
69,2018,7,2018-07-01,2018-07-31,"full_month",0,31,31,0,196.429078866379,"adult","m"
69,2018,8,2018-08-01,2018-08-31,"full_month",0,31,31,0,196.429078866379,"adult","m"
69,2018,9,2018-09-01,2018-09-30,"full_month",0,30,30,0,196.429078866379,"adult","m"
69,2018,10,2018-10-01,2018-10-31,"full_month",0,31,31,0,196.429078866379,"adult","m"
69,2018,11,2018-11-01,2018-11-30,"full_month",1,30,30,0.0333333333333333,196.429078866379,"adult","m"
69,2018,12,2018-12-01,2018-12-31,"full_month",2,31,31,0.0645161290322581,196.429078866379,"adult","m"
69,2019,1,2019-01-01,2019-01-31,"full_month",0,31,31,0,203.145436814034,"adult","m"
69,2019,2,2019-02-01,2019-02-28,"full_month",0,28,28,0,203.145436814034,"adult","m"
69,2019,3,2019-03-01,2019-03-31,"full_month",0,31,31,0,203.145436814034,"adult","m"
69,2019,4,2019-04-01,2019-04-30,"full_month",0,30,30,0,203.145436814034,"adult","m"
69,2019,5,2019-05-01,2019-05-31,"full_month",0,31,31,0,203.145436814034,"adult","m"
69,2019,6,2019-06-01,2019-06-30,"full_month",0,30,30,0,203.145436814034,"adult","m"
69,2019,7,2019-07-01,2019-07-31,"full_month",0,31,31,0,203.145436814034,"adult","m"
69,2019,8,2019-08-01,2019-08-31,"full_month",0,31,31,0,203.145436814034,"adult","m"
69,2019,9,2019-09-01,2019-09-30,"full_month",0,30,30,0,203.145436814034,"adult","m"
69,2019,10,2019-10-01,2019-10-31,"full_month",0,31,31,0,203.145436814034,"adult","m"
69,2019,11,2019-11-01,2019-11-30,"final_detection_month",1,30,22,0.0454545454545455,203.145436814034,"adult","m"
71,2012,11,2012-11-01,2012-11-30,"tagging_month",0,30,12,0,87,"juvenile","m"
71,2012,12,2012-12-01,2012-12-31,"full_month",0,31,31,0,87,"juvenile","m"
71,2013,1,2013-01-01,2013-01-31,"full_month",1,31,31,0.032258064516129,99.7793779006114,"juvenile","m"
71,2013,2,2013-02-01,2013-02-28,"full_month",0,28,28,0,99.7793779006114,"juvenile","m"
71,2013,3,2013-03-01,2013-03-31,"full_month",0,31,31,0,99.7793779006114,"juvenile","m"
71,2013,4,2013-04-01,2013-04-30,"full_month",0,30,30,0,99.7793779006114,"juvenile","m"
71,2013,5,2013-05-01,2013-05-31,"full_month",0,31,31,0,99.7793779006114,"juvenile","m"
71,2013,6,2013-06-01,2013-06-30,"full_month",0,30,30,0,99.7793779006114,"juvenile","m"
71,2013,7,2013-07-01,2013-07-31,"full_month",0,31,31,0,99.7793779006114,"juvenile","m"
71,2013,8,2013-08-01,2013-08-31,"full_month",0,31,31,0,99.7793779006114,"juvenile","m"
71,2013,9,2013-09-01,2013-09-30,"full_month",0,30,30,0,99.7793779006114,"juvenile","m"
71,2013,10,2013-10-01,2013-10-31,"full_month",1,31,31,0.032258064516129,99.7793779006114,"juvenile","m"
71,2013,11,2013-11-01,2013-11-30,"full_month",1,30,30,0.0333333333333333,99.7793779006114,"juvenile","m"
71,2013,12,2013-12-01,2013-12-31,"full_month",3,31,31,0.0967741935483871,99.7793779006114,"juvenile","m"
71,2014,1,2014-01-01,2014-01-31,"full_month",10,31,31,0.32258064516129,111.850702475723,"subadult","m"
71,2014,2,2014-02-01,2014-02-28,"full_month",2,28,28,0.0714285714285714,111.850702475723,"subadult","m"
71,2014,3,2014-03-01,2014-03-31,"final_detection_month",2,31,4,0.5,111.850702475723,"subadult","m"
72,2012,11,2012-11-01,2012-11-30,"tagging_month",8,30,12,0.666666666666667,91,"juvenile","f"
72,2012,12,2012-12-01,2012-12-31,"full_month",24,31,31,0.774193548387097,91,"juvenile","f"
72,2013,1,2013-01-01,2013-01-31,"full_month",29,31,31,0.935483870967742,103.557754178077,"subadult","f"
72,2013,2,2013-02-01,2013-02-28,"full_month",25,28,28,0.892857142857143,103.557754178077,"subadult","f"
72,2013,3,2013-03-01,2013-03-31,"full_month",29,31,31,0.935483870967742,103.557754178077,"subadult","f"
72,2013,4,2013-04-01,2013-04-30,"full_month",20,30,30,0.666666666666667,103.557754178077,"subadult","f"
72,2013,5,2013-05-01,2013-05-31,"full_month",17,31,31,0.548387096774194,103.557754178077,"subadult","f"
72,2013,6,2013-06-01,2013-06-30,"full_month",17,30,30,0.566666666666667,103.557754178077,"subadult","f"
72,2013,7,2013-07-01,2013-07-31,"full_month",20,31,31,0.645161290322581,103.557754178077,"subadult","f"
72,2013,8,2013-08-01,2013-08-31,"full_month",12,31,31,0.387096774193548,103.557754178077,"subadult","f"
72,2013,9,2013-09-01,2013-09-30,"full_month",19,30,30,0.633333333333333,103.557754178077,"subadult","f"
72,2013,10,2013-10-01,2013-10-31,"full_month",19,31,31,0.612903225806452,103.557754178077,"subadult","f"
72,2013,11,2013-11-01,2013-11-30,"full_month",25,30,30,0.833333333333333,103.557754178077,"subadult","f"
72,2013,12,2013-12-01,2013-12-31,"full_month",31,31,31,1,103.557754178077,"subadult","f"
72,2014,1,2014-01-01,2014-01-31,"full_month",31,31,31,1,115.419734299252,"subadult","f"
72,2014,2,2014-02-01,2014-02-28,"full_month",26,28,28,0.928571428571429,115.419734299252,"subadult","f"
72,2014,3,2014-03-01,2014-03-31,"full_month",27,31,31,0.870967741935484,115.419734299252,"subadult","f"
72,2014,4,2014-04-01,2014-04-30,"full_month",28,30,30,0.933333333333333,115.419734299252,"subadult","f"
72,2014,5,2014-05-01,2014-05-31,"full_month",29,31,31,0.935483870967742,115.419734299252,"subadult","f"
72,2014,6,2014-06-01,2014-06-30,"full_month",29,30,30,0.966666666666667,115.419734299252,"subadult","f"
72,2014,7,2014-07-01,2014-07-31,"full_month",30,31,31,0.967741935483871,115.419734299252,"subadult","f"
72,2014,8,2014-08-01,2014-08-31,"full_month",29,31,31,0.935483870967742,115.419734299252,"subadult","f"
72,2014,9,2014-09-01,2014-09-30,"full_month",30,30,30,1,115.419734299252,"subadult","f"
72,2014,10,2014-10-01,2014-10-31,"full_month",31,31,31,1,115.419734299252,"subadult","f"
72,2014,11,2014-11-01,2014-11-30,"full_month",30,30,30,1,115.419734299252,"subadult","f"
72,2014,12,2014-12-01,2014-12-31,"full_month",29,31,31,0.935483870967742,115.419734299252,"subadult","f"
72,2015,1,2015-01-01,2015-01-31,"full_month",29,31,31,0.935483870967742,126.624490372657,"subadult","f"
72,2015,2,2015-02-01,2015-02-28,"full_month",28,28,28,1,126.624490372657,"subadult","f"
72,2015,3,2015-03-01,2015-03-31,"full_month",31,31,31,1,126.624490372657,"subadult","f"
72,2015,4,2015-04-01,2015-04-30,"full_month",30,30,30,1,126.624490372657,"subadult","f"
72,2015,5,2015-05-01,2015-05-31,"full_month",31,31,31,1,126.624490372657,"subadult","f"
72,2015,6,2015-06-01,2015-06-30,"full_month",30,30,30,1,126.624490372657,"subadult","f"
72,2015,7,2015-07-01,2015-07-31,"full_month",31,31,31,1,126.624490372657,"subadult","f"
72,2015,8,2015-08-01,2015-08-31,"full_month",31,31,31,1,126.624490372657,"subadult","f"
72,2015,9,2015-09-01,2015-09-30,"full_month",30,30,30,1,126.624490372657,"subadult","f"
72,2015,10,2015-10-01,2015-10-31,"full_month",31,31,31,1,126.624490372657,"subadult","f"
72,2015,11,2015-11-01,2015-11-30,"full_month",30,30,30,1,126.624490372657,"subadult","f"
72,2015,12,2015-12-01,2015-12-31,"full_month",30,31,31,0.967741935483871,126.624490372657,"subadult","f"
72,2016,1,2016-01-01,2016-01-31,"full_month",31,31,31,1,137.208436508294,"subadult","f"
72,2016,2,2016-02-01,2016-02-29,"full_month",29,29,29,1,137.208436508294,"subadult","f"
72,2016,3,2016-03-01,2016-03-31,"full_month",31,31,31,1,137.208436508294,"subadult","f"
72,2016,4,2016-04-01,2016-04-30,"full_month",30,30,30,1,137.208436508294,"subadult","f"
72,2016,5,2016-05-01,2016-05-31,"final_detection_month",7,31,7,1,137.208436508294,"subadult","f"
88,2013,2,2013-02-01,2013-02-28,"tagging_month",15,28,18,0.833333333333333,108,"subadult","f"
88,2013,3,2013-03-01,2013-03-31,"full_month",27,31,31,0.870967741935484,108,"subadult","f"
88,2013,4,2013-04-01,2013-04-30,"full_month",25,30,30,0.833333333333333,108,"subadult","f"
88,2013,5,2013-05-01,2013-05-31,"full_month",30,31,31,0.967741935483871,108,"subadult","f"
88,2013,6,2013-06-01,2013-06-30,"full_month",27,30,30,0.9,108,"subadult","f"
88,2013,7,2013-07-01,2013-07-31,"full_month",20,31,31,0.645161290322581,108,"subadult","f"
88,2013,8,2013-08-01,2013-08-31,"full_month",12,31,31,0.387096774193548,108,"subadult","f"
88,2013,9,2013-09-01,2013-09-30,"full_month",21,30,30,0.7,108,"subadult","f"
88,2013,10,2013-10-01,2013-10-31,"full_month",29,31,31,0.935483870967742,108,"subadult","f"
88,2013,11,2013-11-01,2013-11-30,"full_month",30,30,30,1,108,"subadult","f"
88,2013,12,2013-12-01,2013-12-31,"full_month",31,31,31,1,108,"subadult","f"
88,2014,1,2014-01-01,2014-01-31,"full_month",31,31,31,1,119.615853357308,"subadult","f"
88,2014,2,2014-02-01,2014-02-28,"full_month",27,28,28,0.964285714285714,119.615853357308,"subadult","f"
88,2014,3,2014-03-01,2014-03-31,"full_month",31,31,31,1,119.615853357308,"subadult","f"
88,2014,4,2014-04-01,2014-04-30,"full_month",30,30,30,1,119.615853357308,"subadult","f"
88,2014,5,2014-05-01,2014-05-31,"full_month",31,31,31,1,119.615853357308,"subadult","f"
88,2014,6,2014-06-01,2014-06-30,"full_month",28,30,30,0.933333333333333,119.615853357308,"subadult","f"
88,2014,7,2014-07-01,2014-07-31,"full_month",29,31,31,0.935483870967742,119.615853357308,"subadult","f"
88,2014,8,2014-08-01,2014-08-31,"full_month",31,31,31,1,119.615853357308,"subadult","f"
88,2014,9,2014-09-01,2014-09-30,"full_month",30,30,30,1,119.615853357308,"subadult","f"
88,2014,10,2014-10-01,2014-10-31,"full_month",31,31,31,1,119.615853357308,"subadult","f"
88,2014,11,2014-11-01,2014-11-30,"full_month",29,30,30,0.966666666666667,119.615853357308,"subadult","f"
88,2014,12,2014-12-01,2014-12-31,"full_month",31,31,31,1,119.615853357308,"subadult","f"
88,2015,1,2015-01-01,2015-01-31,"full_month",30,31,31,0.967741935483871,130.588119549253,"subadult","f"
88,2015,2,2015-02-01,2015-02-28,"full_month",28,28,28,1,130.588119549253,"subadult","f"
88,2015,3,2015-03-01,2015-03-31,"full_month",31,31,31,1,130.588119549253,"subadult","f"
88,2015,4,2015-04-01,2015-04-30,"full_month",30,30,30,1,130.588119549253,"subadult","f"
88,2015,5,2015-05-01,2015-05-31,"full_month",31,31,31,1,130.588119549253,"subadult","f"
88,2015,6,2015-06-01,2015-06-30,"full_month",30,30,30,1,130.588119549253,"subadult","f"
88,2015,7,2015-07-01,2015-07-31,"full_month",31,31,31,1,130.588119549253,"subadult","f"
88,2015,8,2015-08-01,2015-08-31,"full_month",30,31,31,0.967741935483871,130.588119549253,"subadult","f"
88,2015,9,2015-09-01,2015-09-30,"full_month",30,30,30,1,130.588119549253,"subadult","f"
88,2015,10,2015-10-01,2015-10-31,"full_month",31,31,31,1,130.588119549253,"subadult","f"
88,2015,11,2015-11-01,2015-11-30,"full_month",30,30,30,1,130.588119549253,"subadult","f"
88,2015,12,2015-12-01,2015-12-31,"full_month",31,31,31,1,130.588119549253,"subadult","f"
88,2016,1,2016-01-01,2016-01-31,"full_month",31,31,31,1,140.952457121675,"subadult","f"
88,2016,2,2016-02-01,2016-02-29,"full_month",29,29,29,1,140.952457121675,"subadult","f"
88,2016,3,2016-03-01,2016-03-31,"final_detection_month",24,31,24,1,140.952457121675,"subadult","f"
